speciesId,formKey,nameZh,alternate,normalStatus,shinyStatus,normalUrls,shinyUrls
1,bulbasaur,妙蛙种子,False,verified_header,verified_header,https://www.pkparaiso.com/imagenes/espada_escudo/sprites/animados-gigante/bulbasaur.gif,https://www.pkparaiso.com/imagenes/espada_escudo/sprites/animados-gigante/bulbasaur-s.gif
2,ivysaur,妙蛙草,False,verified_header,verified_header,https://www.pkparaiso.com/imagenes/espada_escudo/sprites/animados-gigante/ivysaur.gif,https://www.pkparaiso.com/imagenes/espada_escudo/sprites/animados-gigante/ivysaur-s.gif
3,venusaur,妙蛙花,False,verified_header,verified_header,https://www.pkparaiso.com/imagenes/espada_escudo/sprites/animados-gigante/venusaur.gif,https://www.pkparaiso.com/imagenes/espada_escudo/sprites/animados-gigante/venusaur-s.gif
4,charmander,小火龙,False,verified_header,verified_header,https://www.pkparaiso.com/imagenes/espada_escudo/sprites/animados-gigante/charmander.gif,https://www.pkparaiso.com/imagenes/espada_escudo/sprites/animados-gigante/charmander-s.gif
5,charmeleon,火恐龙,False,verified_header,verified_header,https://www.pkparaiso.com/imagenes/espada_escudo/sprites/animados-gigante/charmeleon.gif,https://www.pkparaiso.com/imagenes/espada_escudo/sprites/animados-gigante/charmeleon-s.gif
6,charizard,喷火龙,False,verified_header,verified_header,https://www.pkparaiso.com/imagenes/espada_escudo/sprites/animados-gigante/charizard.gif,https://www.pkparaiso.com/imagenes/espada_escudo/sprites/animados-gigante/charizard-s.gif
7,squirtle,杰尼龟,False,verified_header,verified_header,https://www.pkparaiso.com/imagenes/espada_escudo/sprites/animados-gigante/squirtle.gif,https://www.pkparaiso.com/imagenes/espada_escudo/sprites/animados-gigante/squirtle-s.gif
8,wartortle,卡咪龟,False,verified_header,verified_header,https://www.pkparaiso.com/imagenes/espada_escudo/sprites/animados-gigante/wartortle.gif,https://www.pkparaiso.com/imagenes/espada_escudo/sprites/animados-gigante/wartortle-s.gif
9,blastoise,水箭龟,False,verified_header,verified_header,https://www.pkparaiso.com/imagenes/espada_escudo/sprites/animados-gigante/blastoise.gif,https://www.pkparaiso.com/imagenes/espada_escudo/sprites/animados-gigante/blastoise-s.gif
10,caterpie,绿毛虫,False,verified_header,verified_header,https://www.pkparaiso.com/imagenes/espada_escudo/sprites/animados-gigante/caterpie.gif,https://www.pkparaiso.com/imagenes/espada_escudo/sprites/animados-gigante/caterpie-s.gif
11,metapod,铁甲蛹,False,verified_header,verified_header,https://www.pkparaiso.com/imagenes/espada_escudo/sprites/animados-gigante/metapod.gif,https://www.pkparaiso.com/imagenes/espada_escudo/sprites/animados-gigante/metapod-s.gif
12,butterfree,巴大蝶,False,verified_header,verified_header,https://www.pkparaiso.com/imagenes/espada_escudo/sprites/animados-gigante/butterfree.gif,https://www.pkparaiso.com/imagenes/espada_escudo/sprites/animados-gigante/butterfree-s.gif
13,weedle,独角虫,False,no_mapped_index_entry,no_mapped_index_entry,,
14,kakuna,铁壳蛹,False,no_mapped_index_entry,no_mapped_index_entry,,
15,beedrill,大针蜂,False,no_mapped_index_entry,no_mapped_index_entry,,
16,pidgey,波波,False,no_mapped_index_entry,no_mapped_index_entry,,
17,pidgeotto,比比鸟,False,no_mapped_index_entry,no_mapped_index_entry,,
18,pidgeot,大比鸟,False,no_mapped_index_entry,no_mapped_index_entry,,
19,rattata,小拉达,False,no_mapped_index_entry,no_mapped_index_entry,,
20,raticate,拉达,False,no_mapped_index_entry,no_mapped_index_entry,,
21,spearow,烈雀,False,no_mapped_index_entry,no_mapped_index_entry,,
22,fearow,大嘴雀,False,no_mapped_index_entry,no_mapped_index_entry,,
23,ekans,阿柏蛇,False,no_mapped_index_entry,no_mapped_index_entry,,
24,arbok,阿柏怪,False,no_mapped_index_entry,no_mapped_index_entry,,
25,pikachu,皮卡丘,False,verified_header,verified_header,https://www.pkparaiso.com/imagenes/espada_escudo/sprites/animados-gigante/pikachu.gif,https://www.pkparaiso.com/imagenes/espada_escudo/sprites/animados-gigante/pikachu-s.gif
26,raichu,雷丘,False,verified_header,verified_header,https://www.pkparaiso.com/imagenes/espada_escudo/sprites/animados-gigante/raichu.gif,https://www.pkparaiso.com/imagenes/espada_escudo/sprites/animados-gigante/raichu-s.gif
27,sandshrew,穿山鼠,False,no_mapped_index_entry,no_mapped_index_entry,,
28,sandslash,穿山王,False,no_mapped_index_entry,no_mapped_index_entry,,
29,nidoran-f,尼多兰,False,no_mapped_index_entry,no_mapped_index_entry,,
30,nidorina,尼多娜,False,no_mapped_index_entry,no_mapped_index_entry,,
31,nidoqueen,尼多后,False,no_mapped_index_entry,no_mapped_index_entry,,
32,nidoran-m,尼多朗,False,no_mapped_index_entry,no_mapped_index_entry,,
33,nidorino,尼多力诺,False,no_mapped_index_entry,no_mapped_index_entry,,
34,nidoking,尼多王,False,no_mapped_index_entry,no_mapped_index_entry,,
35,clefairy,皮皮,False,verified_header,verified_header,https://www.pkparaiso.com/imagenes/espada_escudo/sprites/animados-gigante/clefairy.gif,https://www.pkparaiso.com/imagenes/espada_escudo/sprites/animados-gigante/clefairy-s.gif
36,clefable,皮可西,False,verified_header,verified_header,https://www.pkparaiso.com/imagenes/espada_escudo/sprites/animados-gigante/clefable.gif,https://www.pkparaiso.com/imagenes/espada_escudo/sprites/animados-gigante/clefable-s.gif
37,vulpix,六尾,False,verified_header,verified_header,https://www.pkparaiso.com/imagenes/espada_escudo/sprites/animados-gigante/vulpix.gif,https://www.pkparaiso.com/imagenes/espada_escudo/sprites/animados-gigante/vulpix-s.gif
38,ninetales,九尾,False,verified_header,verified_header,https://www.pkparaiso.com/imagenes/espada_escudo/sprites/animados-gigante/ninetales.gif,https://www.pkparaiso.com/imagenes/espada_escudo/sprites/animados-gigante/ninetales-s.gif
39,jigglypuff,胖丁,False,no_mapped_index_entry,no_mapped_index_entry,,
40,wigglytuff,胖可丁,False,no_mapped_index_entry,no_mapped_index_entry,,
41,zubat,超音蝠,False,no_mapped_index_entry,no_mapped_index_entry,,
42,golbat,大嘴蝠,False,no_mapped_index_entry,no_mapped_index_entry,,
43,oddish,走路草,False,verified_header,verified_header,https://www.pkparaiso.com/imagenes/espada_escudo/sprites/animados-gigante/oddish.gif,https://www.pkparaiso.com/imagenes/espada_escudo/sprites/animados-gigante/oddish-s.gif
44,gloom,臭臭花,False,verified_header,verified_header,https://www.pkparaiso.com/imagenes/espada_escudo/sprites/animados-gigante/gloom.gif,https://www.pkparaiso.com/imagenes/espada_escudo/sprites/animados-gigante/gloom-s.gif
45,vileplume,霸王花,False,verified_header,verified_header,https://www.pkparaiso.com/imagenes/espada_escudo/sprites/animados-gigante/vileplume.gif,https://www.pkparaiso.com/imagenes/espada_escudo/sprites/animados-gigante/vileplume-s.gif
46,paras,派拉斯,False,no_mapped_index_entry,no_mapped_index_entry,,
47,parasect,派拉斯特,False,no_mapped_index_entry,no_mapped_index_entry,,
48,venonat,毛球,False,no_mapped_index_entry,no_mapped_index_entry,,
49,venomoth,摩鲁蛾,False,no_mapped_index_entry,no_mapped_index_entry,,
50,diglett,地鼠,False,verified_header,verified_header,https://www.pkparaiso.com/imagenes/espada_escudo/sprites/animados-gigante/diglett.gif,https://www.pkparaiso.com/imagenes/espada_escudo/sprites/animados-gigante/diglett-s.gif
51,dugtrio,三地鼠,False,verified_header,verified_header,https://www.pkparaiso.com/imagenes/espada_escudo/sprites/animados-gigante/dugtrio.gif,https://www.pkparaiso.com/imagenes/espada_escudo/sprites/animados-gigante/dugtrio-s.gif
52,meowth,喵喵,False,verified_header,verified_header,https://www.pkparaiso.com/imagenes/espada_escudo/sprites/animados-gigante/meowth.gif,https://www.pkparaiso.com/imagenes/espada_escudo/sprites/animados-gigante/meowth-s.gif
53,persian,猫老大,False,verified_header,verified_header,https://www.pkparaiso.com/imagenes/espada_escudo/sprites/animados-gigante/persian.gif,https://www.pkparaiso.com/imagenes/espada_escudo/sprites/animados-gigante/persian-s.gif
54,psyduck,可达鸭,False,no_mapped_index_entry,no_mapped_index_entry,,
55,golduck,哥达鸭,False,no_mapped_index_entry,no_mapped_index_entry,,
56,mankey,猴怪,False,no_mapped_index_entry,no_mapped_index_entry,,
57,primeape,火暴猴,False,no_mapped_index_entry,no_mapped_index_entry,,
58,growlithe,卡蒂狗,False,verified_header,verified_header,https://www.pkparaiso.com/imagenes/espada_escudo/sprites/animados-gigante/growlithe.gif,https://www.pkparaiso.com/imagenes/espada_escudo/sprites/animados-gigante/growlithe-s.gif
59,arcanine,风速狗,False,verified_header,verified_header,https://www.pkparaiso.com/imagenes/espada_escudo/sprites/animados-gigante/arcanine.gif,https://www.pkparaiso.com/imagenes/espada_escudo/sprites/animados-gigante/arcanine-s.gif
60,poliwag,蚊香蝌蚪,False,no_mapped_index_entry,no_mapped_index_entry,,
61,poliwhirl,蚊香君,False,no_mapped_index_entry,no_mapped_index_entry,,
62,poliwrath,蚊香泳士,False,no_mapped_index_entry,no_mapped_index_entry,,
63,abra,凯西,False,no_mapped_index_entry,no_mapped_index_entry,,
64,kadabra,勇基拉,False,no_mapped_index_entry,no_mapped_index_entry,,
65,alakazam,胡地,False,no_mapped_index_entry,no_mapped_index_entry,,
66,machop,腕力,False,verified_header,verified_header,https://www.pkparaiso.com/imagenes/espada_escudo/sprites/animados-gigante/machop.gif,https://www.pkparaiso.com/imagenes/espada_escudo/sprites/animados-gigante/machop-s.gif
67,machoke,豪力,False,verified_header,verified_header,https://www.pkparaiso.com/imagenes/espada_escudo/sprites/animados-gigante/machoke.gif,https://www.pkparaiso.com/imagenes/espada_escudo/sprites/animados-gigante/machoke-s.gif
68,machamp,怪力,False,verified_header,verified_header,https://www.pkparaiso.com/imagenes/espada_escudo/sprites/animados-gigante/machamp.gif,https://www.pkparaiso.com/imagenes/espada_escudo/sprites/animados-gigante/machamp-s.gif
69,bellsprout,喇叭芽,False,no_mapped_index_entry,no_mapped_index_entry,,
70,weepinbell,口呆花,False,no_mapped_index_entry,no_mapped_index_entry,,
71,victreebel,大食花,False,no_mapped_index_entry,no_mapped_index_entry,,
72,tentacool,玛瑙水母,False,no_mapped_index_entry,no_mapped_index_entry,,
73,tentacruel,毒刺水母,False,no_mapped_index_entry,no_mapped_index_entry,,
74,geodude,小拳石,False,no_mapped_index_entry,no_mapped_index_entry,,
75,graveler,隆隆石,False,no_mapped_index_entry,no_mapped_index_entry,,
76,golem,隆隆岩,False,no_mapped_index_entry,no_mapped_index_entry,,
77,ponyta,小火马,False,verified_header,verified_header,https://www.pkparaiso.com/imagenes/espada_escudo/sprites/animados-gigante/ponyta.gif,https://www.pkparaiso.com/imagenes/espada_escudo/sprites/animados-gigante/ponyta-s.gif
78,rapidash,烈焰马,False,verified_header,verified_header,https://www.pkparaiso.com/imagenes/espada_escudo/sprites/animados-gigante/rapidash.gif,https://www.pkparaiso.com/imagenes/espada_escudo/sprites/animados-gigante/rapidash-s.gif
79,slowpoke,呆呆兽,False,no_mapped_index_entry,no_mapped_index_entry,,
80,slowbro,呆壳兽,False,no_mapped_index_entry,no_mapped_index_entry,,
81,magnemite,小磁怪,False,no_mapped_index_entry,no_mapped_index_entry,,
82,magneton,三合一磁怪,False,no_mapped_index_entry,no_mapped_index_entry,,
83,farfetchd,大葱鸭,False,verified_header,verified_header,https://www.pkparaiso.com/imagenes/espada_escudo/sprites/animados-gigante/farfetchd.gif,https://www.pkparaiso.com/imagenes/espada_escudo/sprites/animados-gigante/farfetchd-s.gif
84,doduo,嘟嘟,False,no_mapped_index_entry,no_mapped_index_entry,,
85,dodrio,嘟嘟利,False,no_mapped_index_entry,no_mapped_index_entry,,
86,seel,小海狮,False,no_mapped_index_entry,no_mapped_index_entry,,
87,dewgong,白海狮,False,no_mapped_index_entry,no_mapped_index_entry,,
88,grimer,臭泥,False,no_mapped_index_entry,no_mapped_index_entry,,
89,muk,臭臭泥,False,no_mapped_index_entry,no_mapped_index_entry,,
90,shellder,大舌贝,False,verified_header,verified_header,https://www.pkparaiso.com/imagenes/espada_escudo/sprites/animados-gigante/shellder.gif,https://www.pkparaiso.com/imagenes/espada_escudo/sprites/animados-gigante/shellder-s.gif
91,cloyster,刺甲贝,False,verified_header,verified_header,https://www.pkparaiso.com/imagenes/espada_escudo/sprites/animados-gigante/cloyster.gif,https://www.pkparaiso.com/imagenes/espada_escudo/sprites/animados-gigante/cloyster-s.gif
92,gastly,鬼斯,False,verified_header,verified_header,https://www.pkparaiso.com/imagenes/espada_escudo/sprites/animados-gigante/gastly.gif,https://www.pkparaiso.com/imagenes/espada_escudo/sprites/animados-gigante/gastly-s.gif
93,haunter,鬼斯通,False,verified_header,verified_header,https://www.pkparaiso.com/imagenes/espada_escudo/sprites/animados-gigante/haunter.gif,https://www.pkparaiso.com/imagenes/espada_escudo/sprites/animados-gigante/haunter-s.gif
94,gengar,耿鬼,False,verified_header,verified_header,https://www.pkparaiso.com/imagenes/espada_escudo/sprites/animados-gigante/gengar.gif,https://www.pkparaiso.com/imagenes/espada_escudo/sprites/animados-gigante/gengar-s.gif
95,onix,大岩蛇,False,verified_header,verified_header,https://www.pkparaiso.com/imagenes/espada_escudo/sprites/animados-gigante/onix.gif,https://www.pkparaiso.com/imagenes/espada_escudo/sprites/animados-gigante/onix-s.gif
96,drowzee,催眠貘,False,no_mapped_index_entry,no_mapped_index_entry,,
97,hypno,引梦貘人,False,no_mapped_index_entry,no_mapped_index_entry,,
98,krabby,大钳蟹,False,verified_header,verified_header,https://www.pkparaiso.com/imagenes/espada_escudo/sprites/animados-gigante/krabby.gif,https://www.pkparaiso.com/imagenes/espada_escudo/sprites/animados-gigante/krabby-s.gif
99,kingler,巨钳蟹,False,verified_header,verified_header,https://www.pkparaiso.com/imagenes/espada_escudo/sprites/animados-gigante/kingler.gif,https://www.pkparaiso.com/imagenes/espada_escudo/sprites/animados-gigante/kingler-s.gif
100,voltorb,霹雳电球,False,no_mapped_index_entry,no_mapped_index_entry,,
101,electrode,顽皮雷弹,False,no_mapped_index_entry,no_mapped_index_entry,,
102,exeggcute,蛋蛋,False,no_mapped_index_entry,no_mapped_index_entry,,
103,exeggutor,椰蛋树,False,no_mapped_index_entry,no_mapped_index_entry,,
104,cubone,卡拉卡拉,False,no_mapped_index_entry,no_mapped_index_entry,,
105,marowak,嘎啦嘎啦,False,no_mapped_index_entry,no_mapped_index_entry,,
106,hitmonlee,飞腿郎,False,verified_header,verified_header,https://www.pkparaiso.com/imagenes/espada_escudo/sprites/animados-gigante/hitmonlee.gif,https://www.pkparaiso.com/imagenes/espada_escudo/sprites/animados-gigante/hitmonlee-s.gif
107,hitmonchan,快拳郎,False,verified_header,verified_header,https://www.pkparaiso.com/imagenes/espada_escudo/sprites/animados-gigante/hitmonchan.gif,https://www.pkparaiso.com/imagenes/espada_escudo/sprites/animados-gigante/hitmonchan-s.gif
108,lickitung,大舌头,False,no_mapped_index_entry,no_mapped_index_entry,,
109,koffing,瓦斯弹,False,verified_header,verified_header,https://www.pkparaiso.com/imagenes/espada_escudo/sprites/animados-gigante/koffing.gif,https://www.pkparaiso.com/imagenes/espada_escudo/sprites/animados-gigante/koffing-s.gif
110,weezing,双弹瓦斯,False,verified_header,verified_header,https://www.pkparaiso.com/imagenes/espada_escudo/sprites/animados-gigante/weezing.gif,https://www.pkparaiso.com/imagenes/espada_escudo/sprites/animados-gigante/weezing-s.gif
111,rhyhorn,独角犀牛,False,verified_header,verified_header,https://www.pkparaiso.com/imagenes/espada_escudo/sprites/animados-gigante/rhyhorn.gif,https://www.pkparaiso.com/imagenes/espada_escudo/sprites/animados-gigante/rhyhorn-s.gif
112,rhydon,钻角犀兽,False,verified_header,verified_header,https://www.pkparaiso.com/imagenes/espada_escudo/sprites/animados-gigante/rhydon.gif,https://www.pkparaiso.com/imagenes/espada_escudo/sprites/animados-gigante/rhydon-s.gif
113,chansey,吉利蛋,False,no_mapped_index_entry,no_mapped_index_entry,,
114,tangela,蔓藤怪,False,no_mapped_index_entry,no_mapped_index_entry,,
115,kangaskhan,袋兽,False,no_mapped_index_entry,no_mapped_index_entry,,
116,horsea,墨海马,False,no_mapped_index_entry,no_mapped_index_entry,,
117,seadra,海刺龙,False,no_mapped_index_entry,no_mapped_index_entry,,
118,goldeen,角金鱼,False,verified_header,verified_header,https://www.pkparaiso.com/imagenes/espada_escudo/sprites/animados-gigante/goldeen.gif,https://www.pkparaiso.com/imagenes/espada_escudo/sprites/animados-gigante/goldeen-s.gif
119,seaking,金鱼王,False,verified_header,verified_header,https://www.pkparaiso.com/imagenes/espada_escudo/sprites/animados-gigante/seaking.gif,https://www.pkparaiso.com/imagenes/espada_escudo/sprites/animados-gigante/seaking-s.gif
120,staryu,海星星,False,no_mapped_index_entry,no_mapped_index_entry,,
121,starmie,宝石海星,False,no_mapped_index_entry,no_mapped_index_entry,,
122,mr-mime,魔墙人偶,False,verified_header,verified_header,https://www.pkparaiso.com/imagenes/espada_escudo/sprites/animados-gigante/mr._mime.gif,https://www.pkparaiso.com/imagenes/espada_escudo/sprites/animados-gigante/mr._mime-s.gif
123,scyther,飞天螳螂,False,verified_header,verified_header,https://www.pkparaiso.com/imagenes/espada_escudo/sprites/animados-gigante/scyther.gif,https://www.pkparaiso.com/imagenes/espada_escudo/sprites/animados-gigante/scyther-s.gif
124,jynx,迷唇姐,False,no_mapped_index_entry,no_mapped_index_entry,,
125,electabuzz,电击兽,False,no_mapped_index_entry,no_mapped_index_entry,,
126,magmar,鸭嘴火兽,False,no_mapped_index_entry,no_mapped_index_entry,,
127,pinsir,凯罗斯,False,no_mapped_index_entry,no_mapped_index_entry,,
128,tauros,肯泰罗,False,no_mapped_index_entry,no_mapped_index_entry,,
129,magikarp,鲤鱼王,False,verified_header,verified_header,https://www.pkparaiso.com/imagenes/espada_escudo/sprites/animados-gigante/magikarp.gif,https://www.pkparaiso.com/imagenes/espada_escudo/sprites/animados-gigante/magikarp-s.gif
130,gyarados,暴鲤龙,False,verified_header,verified_header,https://www.pkparaiso.com/imagenes/espada_escudo/sprites/animados-gigante/gyarados.gif,https://www.pkparaiso.com/imagenes/espada_escudo/sprites/animados-gigante/gyarados-s.gif
131,lapras,拉普拉斯,False,verified_header,verified_header,https://www.pkparaiso.com/imagenes/espada_escudo/sprites/animados-gigante/lapras.gif,https://www.pkparaiso.com/imagenes/espada_escudo/sprites/animados-gigante/lapras-s.gif
132,ditto,百变怪,False,verified_header,verified_header,https://www.pkparaiso.com/imagenes/espada_escudo/sprites/animados-gigante/ditto.gif,https://www.pkparaiso.com/imagenes/espada_escudo/sprites/animados-gigante/ditto-s.gif
133,eevee,伊布,False,verified_header,verified_header,https://www.pkparaiso.com/imagenes/espada_escudo/sprites/animados-gigante/eevee.gif,https://www.pkparaiso.com/imagenes/espada_escudo/sprites/animados-gigante/eevee-s.gif
134,vaporeon,水伊布,False,verified_header,verified_header,https://www.pkparaiso.com/imagenes/espada_escudo/sprites/animados-gigante/vaporeon.gif,https://www.pkparaiso.com/imagenes/espada_escudo/sprites/animados-gigante/vaporeon-s.gif
135,jolteon,雷伊布,False,verified_header,verified_header,https://www.pkparaiso.com/imagenes/espada_escudo/sprites/animados-gigante/jolteon.gif,https://www.pkparaiso.com/imagenes/espada_escudo/sprites/animados-gigante/jolteon-s.gif
136,flareon,火伊布,False,verified_header,verified_header,https://www.pkparaiso.com/imagenes/espada_escudo/sprites/animados-gigante/flareon.gif,https://www.pkparaiso.com/imagenes/espada_escudo/sprites/animados-gigante/flareon-s.gif
137,porygon,多边兽,False,no_mapped_index_entry,no_mapped_index_entry,,
138,omanyte,菊石兽,False,no_mapped_index_entry,no_mapped_index_entry,,
139,omastar,多刺菊石兽,False,no_mapped_index_entry,no_mapped_index_entry,,
140,kabuto,化石盔,False,no_mapped_index_entry,no_mapped_index_entry,,
141,kabutops,镰刀盔,False,no_mapped_index_entry,no_mapped_index_entry,,
142,aerodactyl,化石翼龙,False,no_mapped_index_entry,no_mapped_index_entry,,
143,snorlax,卡比兽,False,verified_header,verified_header,https://www.pkparaiso.com/imagenes/espada_escudo/sprites/animados-gigante/snorlax.gif,https://www.pkparaiso.com/imagenes/espada_escudo/sprites/animados-gigante/snorlax-s.gif
144,articuno,急冻鸟,False,no_mapped_index_entry,no_mapped_index_entry,,
145,zapdos,闪电鸟,False,no_mapped_index_entry,no_mapped_index_entry,,
146,moltres,火焰鸟,False,verified_header,verified_header,https://www.pkparaiso.com/imagenes/ultra_sol_ultra_luna/sprites/animados-sinbordes-gigante/moltres.gif,https://www.pkparaiso.com/imagenes/ultra_sol_ultra_luna/sprites/animados-sinbordes-gigante/moltres-s.gif
147,dratini,迷你龙,False,no_mapped_index_entry,no_mapped_index_entry,,
148,dragonair,哈克龙,False,no_mapped_index_entry,no_mapped_index_entry,,
149,dragonite,快龙,False,no_mapped_index_entry,no_mapped_index_entry,,
150,mewtwo,超梦,False,verified_header,verified_header,https://www.pkparaiso.com/imagenes/espada_escudo/sprites/animados-gigante/mewtwo.gif,https://www.pkparaiso.com/imagenes/espada_escudo/sprites/animados-gigante/mewtwo-s.gif
151,mew,梦幻,False,verified_header,verified_header,https://www.pkparaiso.com/imagenes/espada_escudo/sprites/animados-gigante/mew.gif,https://www.pkparaiso.com/imagenes/espada_escudo/sprites/animados-gigante/mew-s.gif
152,chikorita,菊草叶,False,verified_header,verified_header,https://www.pkparaiso.com/imagenes/ultra_sol_ultra_luna/sprites/animados-sinbordes-gigante/chikorita.gif,https://www.pkparaiso.com/imagenes/ultra_sol_ultra_luna/sprites/animados-sinbordes-gigante/chikorita-s.gif
153,bayleef,月桂叶,False,verified_header,verified_header,https://www.pkparaiso.com/imagenes/ultra_sol_ultra_luna/sprites/animados-sinbordes-gigante/bayleef.gif,https://www.pkparaiso.com/imagenes/ultra_sol_ultra_luna/sprites/animados-sinbordes-gigante/bayleef-s.gif
154,meganium,大竺葵,False,verified_header,verified_header,https://www.pkparaiso.com/imagenes/ultra_sol_ultra_luna/sprites/animados-sinbordes-gigante/meganium.gif,https://www.pkparaiso.com/imagenes/ultra_sol_ultra_luna/sprites/animados-sinbordes-gigante/meganium-s.gif
155,cyndaquil,火球鼠,False,verified_header,verified_header,https://www.pkparaiso.com/imagenes/ultra_sol_ultra_luna/sprites/animados-sinbordes-gigante/cyndaquil.gif,https://www.pkparaiso.com/imagenes/ultra_sol_ultra_luna/sprites/animados-sinbordes-gigante/cyndaquil-s.gif
156,quilava,火岩鼠,False,verified_header,verified_header,https://www.pkparaiso.com/imagenes/ultra_sol_ultra_luna/sprites/animados-sinbordes-gigante/quilava.gif,https://www.pkparaiso.com/imagenes/ultra_sol_ultra_luna/sprites/animados-sinbordes-gigante/quilava-s.gif
157,typhlosion,火暴兽,False,verified_header,verified_header,https://www.pkparaiso.com/imagenes/ultra_sol_ultra_luna/sprites/animados-sinbordes-gigante/typhlosion.gif,https://www.pkparaiso.com/imagenes/ultra_sol_ultra_luna/sprites/animados-sinbordes-gigante/typhlosion-s.gif
158,totodile,小锯鳄,False,verified_header,verified_header,https://www.pkparaiso.com/imagenes/ultra_sol_ultra_luna/sprites/animados-sinbordes-gigante/totodile.gif,https://www.pkparaiso.com/imagenes/ultra_sol_ultra_luna/sprites/animados-sinbordes-gigante/totodile-s.gif
159,croconaw,蓝鳄,False,verified_header,verified_header,https://www.pkparaiso.com/imagenes/ultra_sol_ultra_luna/sprites/animados-sinbordes-gigante/croconaw.gif,https://www.pkparaiso.com/imagenes/ultra_sol_ultra_luna/sprites/animados-sinbordes-gigante/croconaw-s.gif
160,feraligatr,大力鳄,False,verified_header,verified_header,https://www.pkparaiso.com/imagenes/ultra_sol_ultra_luna/sprites/animados-sinbordes-gigante/feraligatr.gif,https://www.pkparaiso.com/imagenes/ultra_sol_ultra_luna/sprites/animados-sinbordes-gigante/feraligatr-s.gif
161,sentret,尾立,False,no_mapped_index_entry,no_mapped_index_entry,,
162,furret,大尾立,False,no_mapped_index_entry,no_mapped_index_entry,,
163,hoothoot,咕咕,False,verified_header,verified_header,https://www.pkparaiso.com/imagenes/espada_escudo/sprites/animados-gigante/hoothoot.gif,https://www.pkparaiso.com/imagenes/espada_escudo/sprites/animados-gigante/hoothoot-s.gif
164,noctowl,猫头夜鹰,False,verified_header,verified_header,https://www.pkparaiso.com/imagenes/espada_escudo/sprites/animados-gigante/noctowl.gif,https://www.pkparaiso.com/imagenes/espada_escudo/sprites/animados-gigante/noctowl-s.gif
165,ledyba,芭瓢虫,False,no_mapped_index_entry,no_mapped_index_entry,,
166,ledian,安瓢虫,False,no_mapped_index_entry,no_mapped_index_entry,,
167,spinarak,圆丝蛛,False,no_mapped_index_entry,no_mapped_index_entry,,
168,ariados,阿利多斯,False,no_mapped_index_entry,no_mapped_index_entry,,
169,crobat,叉字蝠,False,no_mapped_index_entry,no_mapped_index_entry,,
170,chinchou,灯笼鱼,False,verified_header,verified_header,https://www.pkparaiso.com/imagenes/espada_escudo/sprites/animados-gigante/chinchou.gif,https://www.pkparaiso.com/imagenes/espada_escudo/sprites/animados-gigante/chinchou-s.gif
171,lanturn,电灯怪,False,verified_header,verified_header,https://www.pkparaiso.com/imagenes/espada_escudo/sprites/animados-gigante/lanturn.gif,https://www.pkparaiso.com/imagenes/espada_escudo/sprites/animados-gigante/lanturn-s.gif
172,pichu,皮丘,False,verified_header,verified_header,https://www.pkparaiso.com/imagenes/espada_escudo/sprites/animados-gigante/pichu.gif,https://www.pkparaiso.com/imagenes/espada_escudo/sprites/animados-gigante/pichu-s.gif
173,cleffa,皮宝宝,False,verified_header,verified_header,https://www.pkparaiso.com/imagenes/espada_escudo/sprites/animados-gigante/cleffa.gif,https://www.pkparaiso.com/imagenes/espada_escudo/sprites/animados-gigante/cleffa-s.gif
174,igglybuff,宝宝丁,False,no_mapped_index_entry,no_mapped_index_entry,,
175,togepi,波克比,False,verified_header,verified_header,https://www.pkparaiso.com/imagenes/espada_escudo/sprites/animados-gigante/togepi.gif,https://www.pkparaiso.com/imagenes/espada_escudo/sprites/animados-gigante/togepi-s.gif
176,togetic,波克基古,False,verified_header,verified_header,https://www.pkparaiso.com/imagenes/espada_escudo/sprites/animados-gigante/togetic.gif,https://www.pkparaiso.com/imagenes/espada_escudo/sprites/animados-gigante/togetic-s.gif
177,natu,天然雀,False,verified_header,verified_header,https://www.pkparaiso.com/imagenes/espada_escudo/sprites/animados-gigante/natu.gif,https://www.pkparaiso.com/imagenes/espada_escudo/sprites/animados-gigante/natu-s.gif
178,xatu,天然鸟,False,verified_header,verified_header,https://www.pkparaiso.com/imagenes/espada_escudo/sprites/animados-gigante/xatu.gif,https://www.pkparaiso.com/imagenes/espada_escudo/sprites/animados-gigante/xatu-s.gif
179,mareep,咩利羊,False,no_mapped_index_entry,no_mapped_index_entry,,
180,flaaffy,茸茸羊,False,no_mapped_index_entry,no_mapped_index_entry,,
181,ampharos,电龙,False,no_mapped_index_entry,no_mapped_index_entry,,
182,bellossom,美丽花,False,verified_header,verified_header,https://www.pkparaiso.com/imagenes/espada_escudo/sprites/animados-gigante/bellossom.gif,https://www.pkparaiso.com/imagenes/espada_escudo/sprites/animados-gigante/bellossom-s.gif
183,marill,玛力露,False,no_mapped_index_entry,no_mapped_index_entry,,
184,azumarill,玛力露丽,False,no_mapped_index_entry,no_mapped_index_entry,,
185,sudowoodo,树才怪,False,verified_header,verified_header,https://www.pkparaiso.com/imagenes/espada_escudo/sprites/animados-gigante/sudowoodo.gif,https://www.pkparaiso.com/imagenes/espada_escudo/sprites/animados-gigante/sudowoodo-s.gif
186,politoed,蚊香蛙皇,False,no_mapped_index_entry,no_mapped_index_entry,,
187,hoppip,毽子草,False,no_mapped_index_entry,no_mapped_index_entry,,
188,skiploom,毽子花,False,no_mapped_index_entry,no_mapped_index_entry,,
189,jumpluff,毽子棉,False,no_mapped_index_entry,no_mapped_index_entry,,
190,aipom,长尾怪手,False,no_mapped_index_entry,no_mapped_index_entry,,
191,sunkern,向日种子,False,no_mapped_index_entry,no_mapped_index_entry,,
192,sunflora,向日花怪,False,no_mapped_index_entry,no_mapped_index_entry,,
193,yanma,蜻蜻蜓,False,no_mapped_index_entry,no_mapped_index_entry,,
194,wooper,乌波,False,verified_header,verified_header,https://www.pkparaiso.com/imagenes/espada_escudo/sprites/animados-gigante/wooper.gif,https://www.pkparaiso.com/imagenes/espada_escudo/sprites/animados-gigante/wooper-s.gif
195,quagsire,沼王,False,verified_header,verified_header,https://www.pkparaiso.com/imagenes/espada_escudo/sprites/animados-gigante/quagsire.gif,https://www.pkparaiso.com/imagenes/espada_escudo/sprites/animados-gigante/quagsire-s.gif
196,espeon,太阳伊布,False,verified_header,verified_header,https://www.pkparaiso.com/imagenes/espada_escudo/sprites/animados-gigante/espeon.gif,https://www.pkparaiso.com/imagenes/espada_escudo/sprites/animados-gigante/espeon-s.gif
197,umbreon,月亮伊布,False,verified_header,verified_header,https://www.pkparaiso.com/imagenes/espada_escudo/sprites/animados-gigante/umbreon.gif,https://www.pkparaiso.com/imagenes/espada_escudo/sprites/animados-gigante/umbreon-s.gif
198,murkrow,黑暗鸦,False,no_mapped_index_entry,no_mapped_index_entry,,
199,slowking,呆呆王,False,no_mapped_index_entry,no_mapped_index_entry,,
200,misdreavus,梦妖,False,no_mapped_index_entry,no_mapped_index_entry,,
201,unown-a,未知图腾,False,no_mapped_index_entry,no_mapped_index_entry,,
202,wobbuffet,果然翁,False,verified_header,verified_header,https://www.pkparaiso.com/imagenes/espada_escudo/sprites/animados-gigante/wobbuffet.gif,https://www.pkparaiso.com/imagenes/espada_escudo/sprites/animados-gigante/wobbuffet-s.gif
203,girafarig,麒麟奇,False,no_mapped_index_entry,no_mapped_index_entry,,
204,pineco,榛果球,False,no_mapped_index_entry,no_mapped_index_entry,,
205,forretress,佛烈托斯,False,no_mapped_index_entry,no_mapped_index_entry,,
206,dunsparce,土龙弟弟,False,no_mapped_index_entry,no_mapped_index_entry,,
207,gligar,天蝎,False,no_mapped_index_entry,no_mapped_index_entry,,
208,steelix,大钢蛇,False,verified_header,verified_header,https://www.pkparaiso.com/imagenes/espada_escudo/sprites/animados-gigante/steelix.gif,https://www.pkparaiso.com/imagenes/espada_escudo/sprites/animados-gigante/steelix-s.gif
209,snubbull,布鲁,False,no_mapped_index_entry,no_mapped_index_entry,,
210,granbull,布鲁皇,False,no_mapped_index_entry,no_mapped_index_entry,,
211,qwilfish,千针鱼,False,verified_header,verified_header,https://www.pkparaiso.com/imagenes/espada_escudo/sprites/animados-gigante/qwilfish.gif,https://www.pkparaiso.com/imagenes/espada_escudo/sprites/animados-gigante/qwilfish-s.gif
212,scizor,巨钳螳螂,False,verified_header,verified_header,https://www.pkparaiso.com/imagenes/espada_escudo/sprites/animados-gigante/scizor.gif,https://www.pkparaiso.com/imagenes/espada_escudo/sprites/animados-gigante/scizor-s.gif
213,shuckle,壶壶,False,verified_header,verified_header,https://www.pkparaiso.com/imagenes/espada_escudo/sprites/animados-gigante/shuckle.gif,https://www.pkparaiso.com/imagenes/espada_escudo/sprites/animados-gigante/shuckle-s.gif
214,heracross,赫拉克罗斯,False,no_mapped_index_entry,no_mapped_index_entry,,
215,sneasel,狃拉,False,verified_header,verified_header,https://www.pkparaiso.com/imagenes/espada_escudo/sprites/animados-gigante/sneasel.gif,https://www.pkparaiso.com/imagenes/espada_escudo/sprites/animados-gigante/sneasel-s.gif
216,teddiursa,熊宝宝,False,no_mapped_index_entry,no_mapped_index_entry,,
217,ursaring,圈圈熊,False,no_mapped_index_entry,no_mapped_index_entry,,
218,slugma,熔岩虫,False,no_mapped_index_entry,no_mapped_index_entry,,
219,magcargo,熔岩蜗牛,False,no_mapped_index_entry,no_mapped_index_entry,,
220,swinub,小山猪,False,verified_header,verified_header,https://www.pkparaiso.com/imagenes/espada_escudo/sprites/animados-gigante/swinub.gif,https://www.pkparaiso.com/imagenes/espada_escudo/sprites/animados-gigante/swinub-s.gif
221,piloswine,长毛猪,False,verified_header,verified_header,https://www.pkparaiso.com/imagenes/espada_escudo/sprites/animados-gigante/piloswine.gif,https://www.pkparaiso.com/imagenes/espada_escudo/sprites/animados-gigante/piloswine-s.gif
222,corsola,太阳珊瑚,False,verified_header,verified_header,https://www.pkparaiso.com/imagenes/espada_escudo/sprites/animados-gigante/corsola.gif,https://www.pkparaiso.com/imagenes/espada_escudo/sprites/animados-gigante/corsola-s.gif
223,remoraid,铁炮鱼,False,verified_header,verified_header,https://www.pkparaiso.com/imagenes/espada_escudo/sprites/animados-gigante/remoraid.gif,https://www.pkparaiso.com/imagenes/espada_escudo/sprites/animados-gigante/remoraid-s.gif
224,octillery,章鱼桶,False,verified_header,verified_header,https://www.pkparaiso.com/imagenes/espada_escudo/sprites/animados-gigante/octillery.gif,https://www.pkparaiso.com/imagenes/espada_escudo/sprites/animados-gigante/octillery-s.gif
225,delibird,信使鸟,False,verified_header,verified_header,https://www.pkparaiso.com/imagenes/espada_escudo/sprites/animados-gigante/delibird.gif,https://www.pkparaiso.com/imagenes/espada_escudo/sprites/animados-gigante/delibird-s.gif
226,mantine,巨翅飞鱼,False,verified_header,verified_header,https://www.pkparaiso.com/imagenes/espada_escudo/sprites/animados-gigante/mantine.gif,https://www.pkparaiso.com/imagenes/espada_escudo/sprites/animados-gigante/mantine-s.gif
227,skarmory,盔甲鸟,False,no_mapped_index_entry,no_mapped_index_entry,,
228,houndour,戴鲁比,False,no_mapped_index_entry,no_mapped_index_entry,,
229,houndoom,黑鲁加,False,no_mapped_index_entry,no_mapped_index_entry,,
230,kingdra,刺龙王,False,no_mapped_index_entry,no_mapped_index_entry,,
231,phanpy,小小象,False,no_mapped_index_entry,no_mapped_index_entry,,
232,donphan,顿甲,False,no_mapped_index_entry,no_mapped_index_entry,,
233,porygon2,多边兽２型,False,no_mapped_index_entry,no_mapped_index_entry,,
234,stantler,惊角鹿,False,no_mapped_index_entry,no_mapped_index_entry,,
235,smeargle,图图犬,False,no_mapped_index_entry,no_mapped_index_entry,,
236,tyrogue,无畏小子,False,verified_header,verified_header,https://www.pkparaiso.com/imagenes/espada_escudo/sprites/animados-gigante/tyrogue.gif,https://www.pkparaiso.com/imagenes/espada_escudo/sprites/animados-gigante/tyrogue-s.gif
237,hitmontop,战舞郎,False,verified_header,verified_header,https://www.pkparaiso.com/imagenes/espada_escudo/sprites/animados-gigante/hitmontop.gif,https://www.pkparaiso.com/imagenes/espada_escudo/sprites/animados-gigante/hitmontop-s.gif
238,smoochum,迷唇娃,False,no_mapped_index_entry,no_mapped_index_entry,,
239,elekid,电击怪,False,no_mapped_index_entry,no_mapped_index_entry,,
240,magby,鸭嘴宝宝,False,no_mapped_index_entry,no_mapped_index_entry,,
241,miltank,大奶罐,False,verified_header,verified_header,https://www.pkparaiso.com/imagenes/espada_escudo/sprites/animados-gigante/miltank.gif,https://www.pkparaiso.com/imagenes/espada_escudo/sprites/animados-gigante/miltank-s.gif
242,blissey,幸福蛋,False,no_mapped_index_entry,no_mapped_index_entry,,
243,raikou,雷公,False,no_mapped_index_entry,no_mapped_index_entry,,
244,entei,炎帝,False,no_mapped_index_entry,no_mapped_index_entry,,
245,suicune,水君,False,no_mapped_index_entry,no_mapped_index_entry,,
246,larvitar,幼基拉斯,False,verified_header,verified_header,https://www.pkparaiso.com/imagenes/espada_escudo/sprites/animados-gigante/larvitar.gif,https://www.pkparaiso.com/imagenes/espada_escudo/sprites/animados-gigante/larvitar-s.gif
247,pupitar,沙基拉斯,False,verified_header,verified_header,https://www.pkparaiso.com/imagenes/espada_escudo/sprites/animados-gigante/pupitar.gif,https://www.pkparaiso.com/imagenes/espada_escudo/sprites/animados-gigante/pupitar-s.gif
248,tyranitar,班基拉斯,False,verified_header,verified_header,https://www.pkparaiso.com/imagenes/espada_escudo/sprites/animados-gigante/tyranitar.gif,https://www.pkparaiso.com/imagenes/espada_escudo/sprites/animados-gigante/tyranitar-s.gif
249,lugia,洛奇亚,False,no_mapped_index_entry,no_mapped_index_entry,,
250,ho-oh,凤王,False,no_mapped_index_entry,no_mapped_index_entry,,
251,celebi,时拉比,False,verified_header,verified_header,https://www.pkparaiso.com/imagenes/espada_escudo/sprites/animados-gigante/celebi.gif,https://www.pkparaiso.com/imagenes/espada_escudo/sprites/animados-gigante/celebi-s.gif
252,treecko,木守宫,False,verified_header,verified_header,https://www.pkparaiso.com/imagenes/ultra_sol_ultra_luna/sprites/animados-sinbordes-gigante/treecko.gif,https://www.pkparaiso.com/imagenes/ultra_sol_ultra_luna/sprites/animados-sinbordes-gigante/treecko-s.gif
253,grovyle,森林蜥蜴,False,verified_header,verified_header,https://www.pkparaiso.com/imagenes/ultra_sol_ultra_luna/sprites/animados-sinbordes-gigante/grovyle.gif,https://www.pkparaiso.com/imagenes/ultra_sol_ultra_luna/sprites/animados-sinbordes-gigante/grovyle-s.gif
254,sceptile,蜥蜴王,False,verified_header,verified_header,https://www.pkparaiso.com/imagenes/ultra_sol_ultra_luna/sprites/animados-sinbordes-gigante/sceptile.gif,https://www.pkparaiso.com/imagenes/ultra_sol_ultra_luna/sprites/animados-sinbordes-gigante/sceptile-s.gif
255,torchic,火稚鸡,False,verified_header,verified_header,https://www.pkparaiso.com/imagenes/ultra_sol_ultra_luna/sprites/animados-sinbordes-gigante/torchic.gif,https://www.pkparaiso.com/imagenes/ultra_sol_ultra_luna/sprites/animados-sinbordes-gigante/torchic-s.gif
256,combusken,力壮鸡,False,verified_header,verified_header,https://www.pkparaiso.com/imagenes/ultra_sol_ultra_luna/sprites/animados-sinbordes-gigante/combusken.gif,https://www.pkparaiso.com/imagenes/ultra_sol_ultra_luna/sprites/animados-sinbordes-gigante/combusken-s.gif
257,blaziken,火焰鸡,False,verified_header,verified_header,https://www.pkparaiso.com/imagenes/ultra_sol_ultra_luna/sprites/animados-sinbordes-gigante/blaziken.gif,https://www.pkparaiso.com/imagenes/ultra_sol_ultra_luna/sprites/animados-sinbordes-gigante/blaziken-s.gif
258,mudkip,水跃鱼,False,verified_header,verified_header,https://www.pkparaiso.com/imagenes/ultra_sol_ultra_luna/sprites/animados-sinbordes-gigante/mudkip.gif,https://www.pkparaiso.com/imagenes/ultra_sol_ultra_luna/sprites/animados-sinbordes-gigante/mudkip-s.gif
259,marshtomp,沼跃鱼,False,verified_header,verified_header,https://www.pkparaiso.com/imagenes/ultra_sol_ultra_luna/sprites/animados-sinbordes-gigante/marshtomp.gif,https://www.pkparaiso.com/imagenes/ultra_sol_ultra_luna/sprites/animados-sinbordes-gigante/marshtomp-s.gif
260,swampert,巨沼怪,False,verified_header,verified_header,https://www.pkparaiso.com/imagenes/ultra_sol_ultra_luna/sprites/animados-sinbordes-gigante/swampert.gif,https://www.pkparaiso.com/imagenes/ultra_sol_ultra_luna/sprites/animados-sinbordes-gigante/swampert-s.gif
261,poochyena,土狼犬,False,no_mapped_index_entry,no_mapped_index_entry,,
262,mightyena,大狼犬,False,no_mapped_index_entry,no_mapped_index_entry,,
263,zigzagoon,蛇纹熊,False,verified_header,verified_header,https://www.pkparaiso.com/imagenes/espada_escudo/sprites/animados-gigante/zigzagoon.gif,https://www.pkparaiso.com/imagenes/espada_escudo/sprites/animados-gigante/zigzagoon-s.gif
264,linoone,直冲熊,False,verified_header,verified_header,https://www.pkparaiso.com/imagenes/espada_escudo/sprites/animados-gigante/linoone.gif,https://www.pkparaiso.com/imagenes/espada_escudo/sprites/animados-gigante/linoone-s.gif
265,wurmple,刺尾虫,False,no_mapped_index_entry,no_mapped_index_entry,,
266,silcoon,甲壳茧,False,no_mapped_index_entry,no_mapped_index_entry,,
267,beautifly,狩猎凤蝶,False,no_mapped_index_entry,no_mapped_index_entry,,
268,cascoon,盾甲茧,False,no_mapped_index_entry,no_mapped_index_entry,,
269,dustox,毒粉蛾,False,no_mapped_index_entry,no_mapped_index_entry,,
270,lotad,莲叶童子,False,verified_header,verified_header,https://www.pkparaiso.com/imagenes/espada_escudo/sprites/animados-gigante/lotad.gif,https://www.pkparaiso.com/imagenes/espada_escudo/sprites/animados-gigante/lotad-s.gif
271,lombre,莲帽小童,False,verified_header,verified_header,https://www.pkparaiso.com/imagenes/espada_escudo/sprites/animados-gigante/lombre.gif,https://www.pkparaiso.com/imagenes/espada_escudo/sprites/animados-gigante/lombre-s.gif
272,ludicolo,乐天河童,False,verified_header,verified_header,https://www.pkparaiso.com/imagenes/espada_escudo/sprites/animados-gigante/ludicolo.gif,https://www.pkparaiso.com/imagenes/espada_escudo/sprites/animados-gigante/ludicolo-s.gif
273,seedot,橡实果,False,verified_header,verified_header,https://www.pkparaiso.com/imagenes/espada_escudo/sprites/animados-gigante/seedot.gif,https://www.pkparaiso.com/imagenes/espada_escudo/sprites/animados-gigante/seedot-s.gif
274,nuzleaf,长鼻叶,False,verified_header,verified_header,https://www.pkparaiso.com/imagenes/espada_escudo/sprites/animados-gigante/nuzleaf.gif,https://www.pkparaiso.com/imagenes/espada_escudo/sprites/animados-gigante/nuzleaf-s.gif
275,shiftry,狡猾天狗,False,verified_header,verified_header,https://www.pkparaiso.com/imagenes/espada_escudo/sprites/animados-gigante/shiftry.gif,https://www.pkparaiso.com/imagenes/espada_escudo/sprites/animados-gigante/shiftry-s.gif
276,taillow,傲骨燕,False,no_mapped_index_entry,no_mapped_index_entry,,
277,swellow,大王燕,False,no_mapped_index_entry,no_mapped_index_entry,,
278,wingull,长翅鸥,False,verified_header,verified_header,https://www.pkparaiso.com/imagenes/espada_escudo/sprites/animados-gigante/wingull.gif,https://www.pkparaiso.com/imagenes/espada_escudo/sprites/animados-gigante/wingull-s.gif
279,pelipper,大嘴鸥,False,verified_header,verified_header,https://www.pkparaiso.com/imagenes/espada_escudo/sprites/animados-gigante/pelipper.gif,https://www.pkparaiso.com/imagenes/espada_escudo/sprites/animados-gigante/pelipper-s.gif
280,ralts,拉鲁拉丝,False,verified_header,verified_header,https://www.pkparaiso.com/imagenes/espada_escudo/sprites/animados-gigante/ralts.gif,https://www.pkparaiso.com/imagenes/espada_escudo/sprites/animados-gigante/ralts-s.gif
281,kirlia,奇鲁莉安,False,verified_header,verified_header,https://www.pkparaiso.com/imagenes/espada_escudo/sprites/animados-gigante/kirlia.gif,https://www.pkparaiso.com/imagenes/espada_escudo/sprites/animados-gigante/kirlia-s.gif
282,gardevoir,沙奈朵,False,verified_header,verified_header,https://www.pkparaiso.com/imagenes/espada_escudo/sprites/animados-gigante/gardevoir.gif,https://www.pkparaiso.com/imagenes/espada_escudo/sprites/animados-gigante/gardevoir-s.gif
283,surskit,溜溜糖球,False,no_mapped_index_entry,no_mapped_index_entry,,
284,masquerain,雨翅蛾,False,no_mapped_index_entry,no_mapped_index_entry,,
285,shroomish,蘑蘑菇,False,no_mapped_index_entry,no_mapped_index_entry,,
286,breloom,斗笠菇,False,no_mapped_index_entry,no_mapped_index_entry,,
287,slakoth,懒人獭,False,no_mapped_index_entry,no_mapped_index_entry,,
288,vigoroth,过动猿,False,no_mapped_index_entry,no_mapped_index_entry,,
289,slaking,请假王,False,no_mapped_index_entry,no_mapped_index_entry,,
290,nincada,土居忍士,False,verified_header,verified_header,https://www.pkparaiso.com/imagenes/espada_escudo/sprites/animados-gigante/nincada.gif,https://www.pkparaiso.com/imagenes/espada_escudo/sprites/animados-gigante/nincada-s.gif
291,ninjask,铁面忍者,False,verified_header,verified_header,https://www.pkparaiso.com/imagenes/espada_escudo/sprites/animados-gigante/ninjask.gif,https://www.pkparaiso.com/imagenes/espada_escudo/sprites/animados-gigante/ninjask-s.gif
292,shedinja,脱壳忍者,False,verified_header,verified_header,https://www.pkparaiso.com/imagenes/espada_escudo/sprites/animados-gigante/shedinja.gif,https://www.pkparaiso.com/imagenes/espada_escudo/sprites/animados-gigante/shedinja-s.gif
293,whismur,咕妞妞,False,no_mapped_index_entry,no_mapped_index_entry,,
294,loudred,吼爆弹,False,no_mapped_index_entry,no_mapped_index_entry,,
295,exploud,爆音怪,False,no_mapped_index_entry,no_mapped_index_entry,,
296,makuhita,幕下力士,False,no_mapped_index_entry,no_mapped_index_entry,,
297,hariyama,铁掌力士,False,no_mapped_index_entry,no_mapped_index_entry,,
298,azurill,露力丽,False,no_mapped_index_entry,no_mapped_index_entry,,
299,nosepass,朝北鼻,False,no_mapped_index_entry,no_mapped_index_entry,,
300,skitty,向尾喵,False,no_mapped_index_entry,no_mapped_index_entry,,
301,delcatty,优雅猫,False,no_mapped_index_entry,no_mapped_index_entry,,
302,sableye,勾魂眼,False,verified_header,verified_header,https://www.pkparaiso.com/imagenes/espada_escudo/sprites/animados-gigante/sableye.gif,https://www.pkparaiso.com/imagenes/espada_escudo/sprites/animados-gigante/sableye-s.gif
303,mawile,大嘴娃,False,verified_header,verified_header,https://www.pkparaiso.com/imagenes/espada_escudo/sprites/animados-gigante/mawile.gif,https://www.pkparaiso.com/imagenes/espada_escudo/sprites/animados-gigante/mawile-s.gif
304,aron,可可多拉,False,no_mapped_index_entry,no_mapped_index_entry,,
305,lairon,可多拉,False,no_mapped_index_entry,no_mapped_index_entry,,
306,aggron,波士可多拉,False,no_mapped_index_entry,no_mapped_index_entry,,
307,meditite,玛沙那,False,no_mapped_index_entry,no_mapped_index_entry,,
308,medicham,恰雷姆,False,no_mapped_index_entry,no_mapped_index_entry,,
309,electrike,落雷兽,False,verified_header,verified_header,https://www.pkparaiso.com/imagenes/espada_escudo/sprites/animados-gigante/electrike.gif,https://www.pkparaiso.com/imagenes/espada_escudo/sprites/animados-gigante/electrike-s.gif
310,manectric,雷电兽,False,verified_header,verified_header,https://www.pkparaiso.com/imagenes/espada_escudo/sprites/animados-gigante/manectric.gif,https://www.pkparaiso.com/imagenes/espada_escudo/sprites/animados-gigante/manectric-s.gif
311,plusle,正电拍拍,False,no_mapped_index_entry,no_mapped_index_entry,,
312,minun,負电拍拍,False,no_mapped_index_entry,no_mapped_index_entry,,
313,volbeat,电萤虫,False,no_mapped_index_entry,no_mapped_index_entry,,
314,illumise,甜甜萤,False,no_mapped_index_entry,no_mapped_index_entry,,
315,roselia,毒蔷薇,False,verified_header,verified_header,https://www.pkparaiso.com/imagenes/espada_escudo/sprites/animados-gigante/roselia.gif,https://www.pkparaiso.com/imagenes/espada_escudo/sprites/animados-gigante/roselia-s.gif
316,gulpin,溶食兽,False,no_mapped_index_entry,no_mapped_index_entry,,
317,swalot,吞食兽,False,no_mapped_index_entry,no_mapped_index_entry,,
318,carvanha,利牙鱼,False,no_mapped_index_entry,no_mapped_index_entry,,
319,sharpedo,巨牙鲨,False,no_mapped_index_entry,no_mapped_index_entry,,
320,wailmer,吼吼鲸,False,verified_header,verified_header,https://www.pkparaiso.com/imagenes/espada_escudo/sprites/animados-gigante/wailmer.gif,https://www.pkparaiso.com/imagenes/espada_escudo/sprites/animados-gigante/wailmer-s.gif
321,wailord,吼鲸王,False,verified_header,verified_header,https://www.pkparaiso.com/imagenes/espada_escudo/sprites/animados-gigante/wailord.gif,https://www.pkparaiso.com/imagenes/espada_escudo/sprites/animados-gigante/wailord-s.gif
322,numel,呆火驼,False,no_mapped_index_entry,no_mapped_index_entry,,
323,camerupt,喷火驼,False,no_mapped_index_entry,no_mapped_index_entry,,
324,torkoal,煤炭龟,False,verified_header,verified_header,https://www.pkparaiso.com/imagenes/espada_escudo/sprites/animados-gigante/torkoal.gif,https://www.pkparaiso.com/imagenes/espada_escudo/sprites/animados-gigante/torkoal-s.gif
325,spoink,跳跳猪,False,no_mapped_index_entry,no_mapped_index_entry,,
326,grumpig,噗噗猪,False,no_mapped_index_entry,no_mapped_index_entry,,
327,spinda,晃晃斑,False,no_mapped_index_entry,no_mapped_index_entry,,
328,trapinch,大颚蚁,False,verified_header,verified_header,https://www.pkparaiso.com/imagenes/espada_escudo/sprites/animados-gigante/trapinch.gif,https://www.pkparaiso.com/imagenes/espada_escudo/sprites/animados-gigante/trapinch-s.gif
329,vibrava,超音波幼虫,False,verified_header,verified_header,https://www.pkparaiso.com/imagenes/espada_escudo/sprites/animados-gigante/vibrava.gif,https://www.pkparaiso.com/imagenes/espada_escudo/sprites/animados-gigante/vibrava-s.gif
330,flygon,沙漠蜻蜓,False,verified_header,verified_header,https://www.pkparaiso.com/imagenes/espada_escudo/sprites/animados-gigante/flygon.gif,https://www.pkparaiso.com/imagenes/espada_escudo/sprites/animados-gigante/flygon-s.gif
331,cacnea,刺球仙人掌,False,no_mapped_index_entry,no_mapped_index_entry,,
332,cacturne,梦歌仙人掌,False,no_mapped_index_entry,no_mapped_index_entry,,
333,swablu,青绵鸟,False,no_mapped_index_entry,no_mapped_index_entry,,
334,altaria,七夕青鸟,False,no_mapped_index_entry,no_mapped_index_entry,,
335,zangoose,猫鼬斩,False,no_mapped_index_entry,no_mapped_index_entry,,
336,seviper,饭匙蛇,False,no_mapped_index_entry,no_mapped_index_entry,,
337,lunatone,月石,False,verified_header,verified_header,https://www.pkparaiso.com/imagenes/espada_escudo/sprites/animados-gigante/lunatone.gif,https://www.pkparaiso.com/imagenes/espada_escudo/sprites/animados-gigante/lunatone-s.gif
338,solrock,太阳岩,False,verified_header,verified_header,https://www.pkparaiso.com/imagenes/espada_escudo/sprites/animados-gigante/solrock.gif,https://www.pkparaiso.com/imagenes/espada_escudo/sprites/animados-gigante/solrock-s.gif
339,barboach,泥泥鳅,False,verified_header,verified_header,https://www.pkparaiso.com/imagenes/espada_escudo/sprites/animados-gigante/barboach.gif,https://www.pkparaiso.com/imagenes/espada_escudo/sprites/animados-gigante/barboach-s.gif
340,whiscash,鲶鱼王,False,verified_header,verified_header,https://www.pkparaiso.com/imagenes/espada_escudo/sprites/animados-gigante/whiscash.gif,https://www.pkparaiso.com/imagenes/espada_escudo/sprites/animados-gigante/whiscash-s.gif
341,corphish,龙虾小兵,False,verified_header,verified_header,https://www.pkparaiso.com/imagenes/espada_escudo/sprites/animados-gigante/corphish.gif,https://www.pkparaiso.com/imagenes/espada_escudo/sprites/animados-gigante/corphish-s.gif
342,crawdaunt,铁螯龙虾,False,verified_header,verified_header,https://www.pkparaiso.com/imagenes/espada_escudo/sprites/animados-gigante/crawdaunt.gif,https://www.pkparaiso.com/imagenes/espada_escudo/sprites/animados-gigante/crawdaunt-s.gif
343,baltoy,天秤偶,False,verified_header,verified_header,https://www.pkparaiso.com/imagenes/espada_escudo/sprites/animados-gigante/baltoy.gif,https://www.pkparaiso.com/imagenes/espada_escudo/sprites/animados-gigante/baltoy-s.gif
344,claydol,念力土偶,False,verified_header,verified_header,https://www.pkparaiso.com/imagenes/espada_escudo/sprites/animados-gigante/claydol.gif,https://www.pkparaiso.com/imagenes/espada_escudo/sprites/animados-gigante/claydol-s.gif
345,lileep,触手百合,False,no_mapped_index_entry,no_mapped_index_entry,,
346,cradily,摇篮百合,False,no_mapped_index_entry,no_mapped_index_entry,,
347,anorith,太古羽虫,False,no_mapped_index_entry,no_mapped_index_entry,,
348,armaldo,太古盔甲,False,no_mapped_index_entry,no_mapped_index_entry,,
349,feebas,丑丑鱼,False,verified_header,verified_header,https://www.pkparaiso.com/imagenes/espada_escudo/sprites/animados-gigante/feebas.gif,https://www.pkparaiso.com/imagenes/espada_escudo/sprites/animados-gigante/feebas-s.gif
350,milotic,美纳斯,False,verified_header,verified_header,https://www.pkparaiso.com/imagenes/espada_escudo/sprites/animados-gigante/milotic.gif,https://www.pkparaiso.com/imagenes/espada_escudo/sprites/animados-gigante/milotic-s.gif
351,castform,飘浮泡泡,False,no_mapped_index_entry,no_mapped_index_entry,,
352,kecleon,变隐龙,False,no_mapped_index_entry,no_mapped_index_entry,,
353,shuppet,怨影娃娃,False,no_mapped_index_entry,no_mapped_index_entry,,
354,banette,诅咒娃娃,False,no_mapped_index_entry,no_mapped_index_entry,,
355,duskull,夜巡灵,False,verified_header,verified_header,https://www.pkparaiso.com/imagenes/espada_escudo/sprites/animados-gigante/duskull.gif,https://www.pkparaiso.com/imagenes/espada_escudo/sprites/animados-gigante/duskull-s.gif
356,dusclops,彷徨夜灵,False,verified_header,verified_header,https://www.pkparaiso.com/imagenes/espada_escudo/sprites/animados-gigante/dusclops.gif,https://www.pkparaiso.com/imagenes/espada_escudo/sprites/animados-gigante/dusclops-s.gif
357,tropius,热带龙,False,no_mapped_index_entry,no_mapped_index_entry,,
358,chimecho,风铃铃,False,no_mapped_index_entry,no_mapped_index_entry,,
359,absol,阿勃梭鲁,False,no_mapped_index_entry,no_mapped_index_entry,,
360,wynaut,小果然,False,verified_header,verified_header,https://www.pkparaiso.com/imagenes/espada_escudo/sprites/animados-gigante/wynaut.gif,https://www.pkparaiso.com/imagenes/espada_escudo/sprites/animados-gigante/wynaut-s.gif
361,snorunt,雪童子,False,verified_header,verified_header,https://www.pkparaiso.com/imagenes/espada_escudo/sprites/animados-gigante/snorunt.gif,https://www.pkparaiso.com/imagenes/espada_escudo/sprites/animados-gigante/snorunt-s.gif
362,glalie,冰鬼护,False,verified_header,verified_header,https://www.pkparaiso.com/imagenes/espada_escudo/sprites/animados-gigante/glalie.gif,https://www.pkparaiso.com/imagenes/espada_escudo/sprites/animados-gigante/glalie-s.gif
363,spheal,海豹球,False,no_mapped_index_entry,no_mapped_index_entry,,
364,sealeo,海魔狮,False,no_mapped_index_entry,no_mapped_index_entry,,
365,walrein,帝牙海狮,False,no_mapped_index_entry,no_mapped_index_entry,,
366,clamperl,珍珠贝,False,no_mapped_index_entry,no_mapped_index_entry,,
367,huntail,猎斑鱼,False,no_mapped_index_entry,no_mapped_index_entry,,
368,gorebyss,樱花鱼,False,no_mapped_index_entry,no_mapped_index_entry,,
369,relicanth,古空棘鱼,False,no_mapped_index_entry,no_mapped_index_entry,,
370,luvdisc,爱心鱼,False,no_mapped_index_entry,no_mapped_index_entry,,
371,bagon,宝贝龙,False,no_mapped_index_entry,no_mapped_index_entry,,
372,shelgon,甲壳龙,False,no_mapped_index_entry,no_mapped_index_entry,,
373,salamence,暴飞龙,False,no_mapped_index_entry,no_mapped_index_entry,,
374,beldum,铁哑铃,False,no_mapped_index_entry,no_mapped_index_entry,,
375,metang,金属怪,False,no_mapped_index_entry,no_mapped_index_entry,,
376,metagross,巨金怪,False,no_mapped_index_entry,no_mapped_index_entry,,
377,regirock,雷吉洛克,False,no_mapped_index_entry,no_mapped_index_entry,,
378,regice,雷吉艾斯,False,no_mapped_index_entry,no_mapped_index_entry,,
379,registeel,雷吉斯奇鲁,False,no_mapped_index_entry,no_mapped_index_entry,,
380,latias,拉帝亚斯,False,no_mapped_index_entry,no_mapped_index_entry,,
381,latios,拉帝欧斯,False,no_mapped_index_entry,no_mapped_index_entry,,
382,kyogre,盖欧卡,False,no_mapped_index_entry,no_mapped_index_entry,,
383,groudon,固拉多,False,no_mapped_index_entry,no_mapped_index_entry,,
384,rayquaza,烈空坐,False,no_mapped_index_entry,no_mapped_index_entry,,
385,jirachi,基拉祈,False,verified_header,verified_header,https://www.pkparaiso.com/imagenes/espada_escudo/sprites/animados-gigante/jirachi.gif,https://www.pkparaiso.com/imagenes/espada_escudo/sprites/animados-gigante/jirachi-s.gif
386,deoxys-normal,代欧奇希斯,False,no_mapped_index_entry,no_mapped_index_entry,,
387,turtwig,草苗龟,False,verified_header,verified_header,https://www.pkparaiso.com/imagenes/ultra_sol_ultra_luna/sprites/animados-sinbordes-gigante/turtwig.gif,https://www.pkparaiso.com/imagenes/ultra_sol_ultra_luna/sprites/animados-sinbordes-gigante/turtwig-s.gif
388,grotle,树林龟,False,verified_header,verified_header,https://www.pkparaiso.com/imagenes/ultra_sol_ultra_luna/sprites/animados-sinbordes-gigante/grotle.gif,https://www.pkparaiso.com/imagenes/ultra_sol_ultra_luna/sprites/animados-sinbordes-gigante/grotle-s.gif
389,torterra,土台龟,False,verified_header,verified_header,https://www.pkparaiso.com/imagenes/ultra_sol_ultra_luna/sprites/animados-sinbordes-gigante/torterra.gif,https://www.pkparaiso.com/imagenes/ultra_sol_ultra_luna/sprites/animados-sinbordes-gigante/torterra-s.gif
390,chimchar,小火焰猴,False,verified_header,verified_header,https://www.pkparaiso.com/imagenes/ultra_sol_ultra_luna/sprites/animados-sinbordes-gigante/chimchar.gif,https://www.pkparaiso.com/imagenes/ultra_sol_ultra_luna/sprites/animados-sinbordes-gigante/chimchar-s.gif
391,monferno,猛火猴,False,verified_header,verified_header,https://www.pkparaiso.com/imagenes/ultra_sol_ultra_luna/sprites/animados-sinbordes-gigante/monferno.gif,https://www.pkparaiso.com/imagenes/ultra_sol_ultra_luna/sprites/animados-sinbordes-gigante/monferno-s.gif
392,infernape,烈焰猴,False,verified_header,verified_header,https://www.pkparaiso.com/imagenes/ultra_sol_ultra_luna/sprites/animados-sinbordes-gigante/infernape.gif,https://www.pkparaiso.com/imagenes/ultra_sol_ultra_luna/sprites/animados-sinbordes-gigante/infernape-s.gif
393,piplup,波加曼,False,verified_header,verified_header,https://www.pkparaiso.com/imagenes/ultra_sol_ultra_luna/sprites/animados-sinbordes-gigante/piplup.gif,https://www.pkparaiso.com/imagenes/ultra_sol_ultra_luna/sprites/animados-sinbordes-gigante/piplup-s.gif
394,prinplup,波皇子,False,verified_header,verified_header,https://www.pkparaiso.com/imagenes/ultra_sol_ultra_luna/sprites/animados-sinbordes-gigante/prinplup.gif,https://www.pkparaiso.com/imagenes/ultra_sol_ultra_luna/sprites/animados-sinbordes-gigante/prinplup-s.gif
395,empoleon,帝王拿波,False,verified_header,verified_header,https://www.pkparaiso.com/imagenes/ultra_sol_ultra_luna/sprites/animados-sinbordes-gigante/empoleon.gif,https://www.pkparaiso.com/imagenes/ultra_sol_ultra_luna/sprites/animados-sinbordes-gigante/empoleon-s.gif
396,starly,姆克儿,False,no_mapped_index_entry,no_mapped_index_entry,,
397,staravia,姆克鸟,False,no_mapped_index_entry,no_mapped_index_entry,,
398,staraptor,姆克鹰,False,no_mapped_index_entry,no_mapped_index_entry,,
399,bidoof,大牙狸,False,no_mapped_index_entry,no_mapped_index_entry,,
400,bibarel,大尾狸,False,no_mapped_index_entry,no_mapped_index_entry,,
401,kricketot,圆法师,False,no_mapped_index_entry,no_mapped_index_entry,,
402,kricketune,音箱蟀,False,no_mapped_index_entry,no_mapped_index_entry,,
403,shinx,小猫怪,False,no_mapped_index_entry,no_mapped_index_entry,,
404,luxio,勒克猫,False,no_mapped_index_entry,no_mapped_index_entry,,
405,luxray,伦琴猫,False,no_mapped_index_entry,no_mapped_index_entry,,
406,budew,含羞苞,False,verified_header,verified_header,https://www.pkparaiso.com/imagenes/espada_escudo/sprites/animados-gigante/budew.gif,https://www.pkparaiso.com/imagenes/espada_escudo/sprites/animados-gigante/budew-s.gif
407,roserade,罗丝雷朵,False,verified_header,verified_header,https://www.pkparaiso.com/imagenes/espada_escudo/sprites/animados-gigante/roserade.gif,https://www.pkparaiso.com/imagenes/espada_escudo/sprites/animados-gigante/roserade-s.gif
408,cranidos,头盖龙,False,no_mapped_index_entry,no_mapped_index_entry,,
409,rampardos,战槌龙,False,no_mapped_index_entry,no_mapped_index_entry,,
410,shieldon,盾甲龙,False,no_mapped_index_entry,no_mapped_index_entry,,
411,bastiodon,护城龙,False,no_mapped_index_entry,no_mapped_index_entry,,
412,burmy-plant,结草儿,False,no_mapped_index_entry,no_mapped_index_entry,,
413,wormadam-plant,结草贵妇,False,no_mapped_index_entry,no_mapped_index_entry,,
414,mothim-plant,绅士蛾,False,no_mapped_index_entry,no_mapped_index_entry,,
415,combee,三蜜蜂,False,verified_header,verified_header,https://www.pkparaiso.com/imagenes/espada_escudo/sprites/animados-gigante/combee.gif,https://www.pkparaiso.com/imagenes/espada_escudo/sprites/animados-gigante/combee-s.gif
416,vespiquen,蜂女王,False,verified_header,verified_header,https://www.pkparaiso.com/imagenes/espada_escudo/sprites/animados-gigante/vespiquen.gif,https://www.pkparaiso.com/imagenes/espada_escudo/sprites/animados-gigante/vespiquen-s.gif
417,pachirisu,帕奇利兹,False,no_mapped_index_entry,no_mapped_index_entry,,
418,buizel,泳圈鼬,False,no_mapped_index_entry,no_mapped_index_entry,,
419,floatzel,浮潜鼬,False,no_mapped_index_entry,no_mapped_index_entry,,
420,cherubi,樱花宝,False,verified_header,verified_header,https://www.pkparaiso.com/imagenes/espada_escudo/sprites/animados-gigante/cherubi.gif,https://www.pkparaiso.com/imagenes/espada_escudo/sprites/animados-gigante/cherubi-s.gif
421,cherrim-overcast,樱花儿,False,verified_header,verified_header,https://www.pkparaiso.com/imagenes/espada_escudo/sprites/animados-gigante/cherrim.gif,https://www.pkparaiso.com/imagenes/espada_escudo/sprites/animados-gigante/cherrim-s.gif
422,shellos-west,无壳海兔,False,verified_header,verified_header,https://www.pkparaiso.com/imagenes/espada_escudo/sprites/animados-gigante/shellos.gif,https://www.pkparaiso.com/imagenes/espada_escudo/sprites/animados-gigante/shellos-s.gif
423,gastrodon-west,海兔兽,False,verified_header,verified_header,https://www.pkparaiso.com/imagenes/espada_escudo/sprites/animados-gigante/gastrodon.gif,https://www.pkparaiso.com/imagenes/espada_escudo/sprites/animados-gigante/gastrodon-s.gif
424,ambipom,双尾怪手,False,no_mapped_index_entry,no_mapped_index_entry,,
425,drifloon,飘飘球,False,verified_header,verified_header,https://www.pkparaiso.com/imagenes/espada_escudo/sprites/animados-gigante/drifloon.gif,https://www.pkparaiso.com/imagenes/espada_escudo/sprites/animados-gigante/drifloon-s.gif
426,drifblim,随风球,False,verified_header,verified_header,https://www.pkparaiso.com/imagenes/espada_escudo/sprites/animados-gigante/drifblim.gif,https://www.pkparaiso.com/imagenes/espada_escudo/sprites/animados-gigante/drifblim-s.gif
427,buneary,卷卷耳,False,no_mapped_index_entry,no_mapped_index_entry,,
428,lopunny,长耳兔,False,no_mapped_index_entry,no_mapped_index_entry,,
429,mismagius,梦妖魔,False,no_mapped_index_entry,no_mapped_index_entry,,
430,honchkrow,乌鸦头头,False,no_mapped_index_entry,no_mapped_index_entry,,
431,glameow,魅力喵,False,no_mapped_index_entry,no_mapped_index_entry,,
432,purugly,东施喵,False,no_mapped_index_entry,no_mapped_index_entry,,
433,chingling,铃铛响,False,no_mapped_index_entry,no_mapped_index_entry,,
434,stunky,臭鼬噗,False,verified_header,verified_header,https://www.pkparaiso.com/imagenes/espada_escudo/sprites/animados-gigante/stunky.gif,https://www.pkparaiso.com/imagenes/espada_escudo/sprites/animados-gigante/stunky-s.gif
435,skuntank,坦克臭鼬,False,verified_header,verified_header,https://www.pkparaiso.com/imagenes/espada_escudo/sprites/animados-gigante/skuntank.gif,https://www.pkparaiso.com/imagenes/espada_escudo/sprites/animados-gigante/skuntank-s.gif
436,bronzor,铜镜怪,False,verified_header,verified_header,https://www.pkparaiso.com/imagenes/espada_escudo/sprites/animados-gigante/bronzor.gif,https://www.pkparaiso.com/imagenes/espada_escudo/sprites/animados-gigante/bronzor-s.gif
437,bronzong,青铜钟,False,verified_header,verified_header,https://www.pkparaiso.com/imagenes/espada_escudo/sprites/animados-gigante/bronzong.gif,https://www.pkparaiso.com/imagenes/espada_escudo/sprites/animados-gigante/bronzong-s.gif
438,bonsly,盆才怪,False,verified_header,verified_header,https://www.pkparaiso.com/imagenes/espada_escudo/sprites/animados-gigante/bonsly.gif,https://www.pkparaiso.com/imagenes/espada_escudo/sprites/animados-gigante/bonsly-s.gif
439,mime-jr,魔尼尼,False,verified_header,verified_header,https://www.pkparaiso.com/imagenes/espada_escudo/sprites/animados-gigante/mime_jr.gif,https://www.pkparaiso.com/imagenes/espada_escudo/sprites/animados-gigante/mime_jr-s.gif
440,happiny,小福蛋,False,no_mapped_index_entry,no_mapped_index_entry,,
441,chatot,聒噪鸟,False,no_mapped_index_entry,no_mapped_index_entry,,
442,spiritomb,花岩怪,False,no_mapped_index_entry,no_mapped_index_entry,,
443,gible,圆陆鲨,False,no_mapped_index_entry,no_mapped_index_entry,,
444,gabite,尖牙陆鲨,False,no_mapped_index_entry,no_mapped_index_entry,,
445,garchomp,烈咬陆鲨,False,no_mapped_index_entry,no_mapped_index_entry,,
446,munchlax,小卡比兽,False,verified_header,verified_header,https://www.pkparaiso.com/imagenes/espada_escudo/sprites/animados-gigante/munchlax.gif,https://www.pkparaiso.com/imagenes/espada_escudo/sprites/animados-gigante/munchlax-s.gif
447,riolu,利欧路,False,verified_header,verified_header,https://www.pkparaiso.com/imagenes/espada_escudo/sprites/animados-gigante/riolu.gif,https://www.pkparaiso.com/imagenes/espada_escudo/sprites/animados-gigante/riolu-s.gif
448,lucario,路卡利欧,False,verified_header,verified_header,https://www.pkparaiso.com/imagenes/espada_escudo/sprites/animados-gigante/lucario.gif,https://www.pkparaiso.com/imagenes/espada_escudo/sprites/animados-gigante/lucario-s.gif
449,hippopotas,沙河马,False,verified_header,verified_header,https://www.pkparaiso.com/imagenes/espada_escudo/sprites/animados-gigante/hippopotas.gif,https://www.pkparaiso.com/imagenes/espada_escudo/sprites/animados-gigante/hippopotas-s.gif
450,hippowdon,河马兽,False,verified_header,verified_header,https://www.pkparaiso.com/imagenes/espada_escudo/sprites/animados-gigante/hippowdown.gif,https://www.pkparaiso.com/imagenes/espada_escudo/sprites/animados-gigante/hippowdown-s.gif
451,skorupi,钳尾蝎,False,verified_header,verified_header,https://www.pkparaiso.com/imagenes/espada_escudo/sprites/animados-gigante/skorupi.gif,https://www.pkparaiso.com/imagenes/espada_escudo/sprites/animados-gigante/skorupi-s.gif
452,drapion,龙王蝎,False,verified_header,verified_header,https://www.pkparaiso.com/imagenes/espada_escudo/sprites/animados-gigante/drapion.gif,https://www.pkparaiso.com/imagenes/espada_escudo/sprites/animados-gigante/drapion-s.gif
453,croagunk,不良蛙,False,verified_header,verified_header,https://www.pkparaiso.com/imagenes/espada_escudo/sprites/animados-gigante/croagunk.gif,https://www.pkparaiso.com/imagenes/espada_escudo/sprites/animados-gigante/croagunk-s.gif
454,toxicroak,毒骷蛙,False,verified_header,verified_header,https://www.pkparaiso.com/imagenes/espada_escudo/sprites/animados-gigante/toxicroak.gif,https://www.pkparaiso.com/imagenes/espada_escudo/sprites/animados-gigante/toxicroak-s.gif
455,carnivine,尖牙笼,False,no_mapped_index_entry,no_mapped_index_entry,,
456,finneon,荧光鱼,False,no_mapped_index_entry,no_mapped_index_entry,,
457,lumineon,霓虹鱼,False,no_mapped_index_entry,no_mapped_index_entry,,
458,mantyke,小球飞鱼,False,verified_header,verified_header,https://www.pkparaiso.com/imagenes/espada_escudo/sprites/animados-gigante/mantyke.gif,https://www.pkparaiso.com/imagenes/espada_escudo/sprites/animados-gigante/mantyke-s.gif
459,snover,雪笠怪,False,verified_header,verified_header,https://www.pkparaiso.com/imagenes/espada_escudo/sprites/animados-gigante/snover.gif,https://www.pkparaiso.com/imagenes/espada_escudo/sprites/animados-gigante/snover-s.gif
460,abomasnow,暴雪王,False,verified_header,verified_header,https://www.pkparaiso.com/imagenes/espada_escudo/sprites/animados-gigante/abomasnow.gif,https://www.pkparaiso.com/imagenes/espada_escudo/sprites/animados-gigante/abomasnow-s.gif
461,weavile,玛狃拉,False,verified_header,verified_header,https://www.pkparaiso.com/imagenes/espada_escudo/sprites/animados-gigante/weavile.gif,https://www.pkparaiso.com/imagenes/espada_escudo/sprites/animados-gigante/weavile-s.gif
462,magnezone,自爆磁怪,False,no_mapped_index_entry,no_mapped_index_entry,,
463,lickilicky,大舌舔,False,no_mapped_index_entry,no_mapped_index_entry,,
464,rhyperior,超甲狂犀,False,verified_header,verified_header,https://www.pkparaiso.com/imagenes/espada_escudo/sprites/animados-gigante/rhyperior.gif,https://www.pkparaiso.com/imagenes/espada_escudo/sprites/animados-gigante/rhyperior-s.gif
465,tangrowth,巨蔓藤,False,no_mapped_index_entry,no_mapped_index_entry,,
466,electivire,电击魔兽,False,no_mapped_index_entry,no_mapped_index_entry,,
467,magmortar,鸭嘴炎兽,False,no_mapped_index_entry,no_mapped_index_entry,,
468,togekiss,波克基斯,False,verified_header,verified_header,https://www.pkparaiso.com/imagenes/espada_escudo/sprites/animados-gigante/togekiss.gif,https://www.pkparaiso.com/imagenes/espada_escudo/sprites/animados-gigante/togekiss-s.gif
469,yanmega,远古巨蜓,False,no_mapped_index_entry,no_mapped_index_entry,,
470,leafeon,叶伊布,False,verified_header,verified_header,https://www.pkparaiso.com/imagenes/espada_escudo/sprites/animados-gigante/leafeon.gif,https://www.pkparaiso.com/imagenes/espada_escudo/sprites/animados-gigante/leafeon-s.gif
471,glaceon,冰伊布,False,verified_header,verified_header,https://www.pkparaiso.com/imagenes/espada_escudo/sprites/animados-gigante/glaceon.gif,https://www.pkparaiso.com/imagenes/espada_escudo/sprites/animados-gigante/glaceon-s.gif
472,gliscor,天蝎王,False,no_mapped_index_entry,no_mapped_index_entry,,
473,mamoswine,象牙猪,False,verified_header,verified_header,https://www.pkparaiso.com/imagenes/espada_escudo/sprites/animados-gigante/mamoswine.gif,https://www.pkparaiso.com/imagenes/espada_escudo/sprites/animados-gigante/mamoswine-s.gif
474,porygon-z,多边兽乙型,False,no_mapped_index_entry,no_mapped_index_entry,,
475,gallade,艾路雷朵,False,verified_header,verified_header,https://www.pkparaiso.com/imagenes/espada_escudo/sprites/animados-gigante/gallade.gif,https://www.pkparaiso.com/imagenes/espada_escudo/sprites/animados-gigante/gallade-s.gif
476,probopass,大朝北鼻,False,no_mapped_index_entry,no_mapped_index_entry,,
477,dusknoir,黑夜魔灵,False,verified_header,verified_header,https://www.pkparaiso.com/imagenes/espada_escudo/sprites/animados-gigante/dusknoir.gif,https://www.pkparaiso.com/imagenes/espada_escudo/sprites/animados-gigante/dusknoir-s.gif
478,froslass,雪妖女,False,verified_header,verified_header,https://www.pkparaiso.com/imagenes/espada_escudo/sprites/animados-gigante/froslass.gif,https://www.pkparaiso.com/imagenes/espada_escudo/sprites/animados-gigante/froslass-s.gif
479,rotom,洛托姆,False,verified_header,verified_header,https://www.pkparaiso.com/imagenes/espada_escudo/sprites/animados-gigante/rotom.gif,https://www.pkparaiso.com/imagenes/espada_escudo/sprites/animados-gigante/rotom-s.gif
480,uxie,由克希,False,no_mapped_index_entry,no_mapped_index_entry,,
481,mesprit,艾姆利多,False,no_mapped_index_entry,no_mapped_index_entry,,
482,azelf,亚克诺姆,False,no_mapped_index_entry,no_mapped_index_entry,,
483,dialga,帝牙卢卡,False,verified_header,verified_header,https://www.pkparaiso.com/imagenes/ultra_sol_ultra_luna/sprites/animados-sinbordes-gigante/dialga.gif,https://www.pkparaiso.com/imagenes/ultra_sol_ultra_luna/sprites/animados-sinbordes-gigante/dialga-s.gif
484,palkia,帕路奇亚,False,verified_header,verified_header,https://www.pkparaiso.com/imagenes/ultra_sol_ultra_luna/sprites/animados-sinbordes-gigante/palkia.gif,https://www.pkparaiso.com/imagenes/ultra_sol_ultra_luna/sprites/animados-sinbordes-gigante/palkia-s.gif
485,heatran,席多蓝恩,False,no_mapped_index_entry,no_mapped_index_entry,,
486,regigigas,雷吉奇卡斯,False,no_mapped_index_entry,no_mapped_index_entry,,
487,giratina-altered,骑拉帝纳,False,no_mapped_index_entry,no_mapped_index_entry,,
488,cresselia,克雷色利亚,False,no_mapped_index_entry,no_mapped_index_entry,,
489,phione,霏欧纳,False,no_mapped_index_entry,no_mapped_index_entry,,
490,manaphy,玛纳霏,False,no_mapped_index_entry,no_mapped_index_entry,,
491,darkrai,达克莱伊,False,no_mapped_index_entry,no_mapped_index_entry,,
492,shaymin-land,谢米,False,no_mapped_index_entry,no_mapped_index_entry,,
493,arceus-normal,阿尔宙斯,False,no_mapped_index_entry,no_mapped_index_entry,,
494,victini,比克提尼,False,no_mapped_index_entry,no_mapped_index_entry,,
495,snivy,藤藤蛇,False,verified_header,verified_header,https://www.pkparaiso.com/imagenes/ultra_sol_ultra_luna/sprites/animados-sinbordes-gigante/snivy.gif,https://www.pkparaiso.com/imagenes/ultra_sol_ultra_luna/sprites/animados-sinbordes-gigante/snivy-s.gif
496,servine,青藤蛇,False,verified_header,verified_header,https://www.pkparaiso.com/imagenes/ultra_sol_ultra_luna/sprites/animados-sinbordes-gigante/servine.gif,https://www.pkparaiso.com/imagenes/ultra_sol_ultra_luna/sprites/animados-sinbordes-gigante/servine-s.gif
497,serperior,君主蛇,False,verified_header,verified_header,https://www.pkparaiso.com/imagenes/ultra_sol_ultra_luna/sprites/animados-sinbordes-gigante/serperior.gif,https://www.pkparaiso.com/imagenes/ultra_sol_ultra_luna/sprites/animados-sinbordes-gigante/serperior-s.gif
498,tepig,暖暖猪,False,verified_header,verified_header,https://www.pkparaiso.com/imagenes/ultra_sol_ultra_luna/sprites/animados-sinbordes-gigante/tepig.gif,https://www.pkparaiso.com/imagenes/ultra_sol_ultra_luna/sprites/animados-sinbordes-gigante/tepig-s.gif
499,pignite,炒炒猪,False,verified_header,verified_header,https://www.pkparaiso.com/imagenes/ultra_sol_ultra_luna/sprites/animados-sinbordes-gigante/pignite.gif,https://www.pkparaiso.com/imagenes/ultra_sol_ultra_luna/sprites/animados-sinbordes-gigante/pignite-s.gif
500,emboar,炎武王,False,verified_header,verified_header,https://www.pkparaiso.com/imagenes/ultra_sol_ultra_luna/sprites/animados-sinbordes-gigante/emboar.gif,https://www.pkparaiso.com/imagenes/ultra_sol_ultra_luna/sprites/animados-sinbordes-gigante/emboar-s.gif
501,oshawott,水水獭,False,verified_header,verified_header,https://www.pkparaiso.com/imagenes/ultra_sol_ultra_luna/sprites/animados-sinbordes-gigante/oshawott.gif,https://www.pkparaiso.com/imagenes/ultra_sol_ultra_luna/sprites/animados-sinbordes-gigante/oshawott-s.gif
502,dewott,双刃丸,False,verified_header,verified_header,https://www.pkparaiso.com/imagenes/ultra_sol_ultra_luna/sprites/animados-sinbordes-gigante/dewott.gif,https://www.pkparaiso.com/imagenes/ultra_sol_ultra_luna/sprites/animados-sinbordes-gigante/dewott-s.gif
503,samurott,大剑鬼,False,verified_header,verified_header,https://www.pkparaiso.com/imagenes/ultra_sol_ultra_luna/sprites/animados-sinbordes-gigante/samurott.gif,https://www.pkparaiso.com/imagenes/ultra_sol_ultra_luna/sprites/animados-sinbordes-gigante/samurott-s.gif
504,patrat,探探鼠,False,no_mapped_index_entry,no_mapped_index_entry,,
505,watchog,步哨鼠,False,no_mapped_index_entry,no_mapped_index_entry,,
506,lillipup,小约克,False,no_mapped_index_entry,no_mapped_index_entry,,
507,herdier,哈约克,False,no_mapped_index_entry,no_mapped_index_entry,,
508,stoutland,长毛狗,False,no_mapped_index_entry,no_mapped_index_entry,,
509,purrloin,扒手猫,False,verified_header,verified_header,https://www.pkparaiso.com/imagenes/espada_escudo/sprites/animados-gigante/purrloin.gif,https://www.pkparaiso.com/imagenes/espada_escudo/sprites/animados-gigante/purrloin-s.gif
510,liepard,酷豹,False,verified_header,verified_header,https://www.pkparaiso.com/imagenes/espada_escudo/sprites/animados-gigante/liepard.gif,https://www.pkparaiso.com/imagenes/espada_escudo/sprites/animados-gigante/liepard-s.gif
511,pansage,花椰猴,False,no_mapped_index_entry,no_mapped_index_entry,,
512,simisage,花椰猿,False,no_mapped_index_entry,no_mapped_index_entry,,
513,pansear,爆香猴,False,no_mapped_index_entry,no_mapped_index_entry,,
514,simisear,爆香猿,False,no_mapped_index_entry,no_mapped_index_entry,,
515,panpour,冷水猴,False,no_mapped_index_entry,no_mapped_index_entry,,
516,simipour,冷水猿,False,no_mapped_index_entry,no_mapped_index_entry,,
517,munna,食梦梦,False,verified_header,verified_header,https://www.pkparaiso.com/imagenes/espada_escudo/sprites/animados-gigante/munna.gif,https://www.pkparaiso.com/imagenes/espada_escudo/sprites/animados-gigante/munna-s.gif
518,musharna,梦梦蚀,False,verified_header,verified_header,https://www.pkparaiso.com/imagenes/espada_escudo/sprites/animados-gigante/musharna.gif,https://www.pkparaiso.com/imagenes/espada_escudo/sprites/animados-gigante/musharna-s.gif
519,pidove,豆豆鸽,False,verified_header,verified_header,https://www.pkparaiso.com/imagenes/espada_escudo/sprites/animados-gigante/pidove.gif,https://www.pkparaiso.com/imagenes/espada_escudo/sprites/animados-gigante/pidove-s.gif
520,tranquill,咕咕鸽,False,verified_header,verified_header,https://www.pkparaiso.com/imagenes/espada_escudo/sprites/animados-gigante/tranquill.gif,https://www.pkparaiso.com/imagenes/espada_escudo/sprites/animados-gigante/tranquill-s.gif
521,unfezant,高傲雉鸡,False,verified_header,verified_header,https://www.pkparaiso.com/imagenes/espada_escudo/sprites/animados-gigante/unfezant.gif,https://www.pkparaiso.com/imagenes/espada_escudo/sprites/animados-gigante/unfezant-s.gif
522,blitzle,斑斑马,False,no_mapped_index_entry,no_mapped_index_entry,,
523,zebstrika,雷电斑马,False,no_mapped_index_entry,no_mapped_index_entry,,
524,roggenrola,石丸子,False,verified_header,verified_header,https://www.pkparaiso.com/imagenes/espada_escudo/sprites/animados-gigante/roggenrola.gif,https://www.pkparaiso.com/imagenes/espada_escudo/sprites/animados-gigante/roggenrola-s.gif
525,boldore,地幔岩,False,verified_header,verified_header,https://www.pkparaiso.com/imagenes/espada_escudo/sprites/animados-gigante/boldore.gif,https://www.pkparaiso.com/imagenes/espada_escudo/sprites/animados-gigante/boldore-s.gif
526,gigalith,庞岩怪,False,verified_header,verified_header,https://www.pkparaiso.com/imagenes/espada_escudo/sprites/animados-gigante/gigalith.gif,https://www.pkparaiso.com/imagenes/espada_escudo/sprites/animados-gigante/gigalith-s.gif
527,woobat,滚滚蝙蝠,False,verified_header,verified_header,https://www.pkparaiso.com/imagenes/espada_escudo/sprites/animados-gigante/woobat.gif,https://www.pkparaiso.com/imagenes/espada_escudo/sprites/animados-gigante/woobat-s.gif
528,swoobat,心蝙蝠,False,verified_header,verified_header,https://www.pkparaiso.com/imagenes/espada_escudo/sprites/animados-gigante/swoobat.gif,https://www.pkparaiso.com/imagenes/espada_escudo/sprites/animados-gigante/swoobat-s.gif
529,drilbur,螺钉地鼠,False,verified_header,verified_header,https://www.pkparaiso.com/imagenes/espada_escudo/sprites/animados-gigante/drilbur.gif,https://www.pkparaiso.com/imagenes/espada_escudo/sprites/animados-gigante/drilbur-s.gif
530,excadrill,龙头地鼠,False,verified_header,verified_header,https://www.pkparaiso.com/imagenes/espada_escudo/sprites/animados-gigante/excadrill.gif,https://www.pkparaiso.com/imagenes/espada_escudo/sprites/animados-gigante/excadrill-s.gif
531,audino,差不多娃娃,False,no_mapped_index_entry,no_mapped_index_entry,,
532,timburr,搬运小匠,False,verified_header,verified_header,https://www.pkparaiso.com/imagenes/espada_escudo/sprites/animados-gigante/timburr.gif,https://www.pkparaiso.com/imagenes/espada_escudo/sprites/animados-gigante/timburr-s.gif
533,gurdurr,铁骨土人,False,verified_header,verified_header,https://www.pkparaiso.com/imagenes/espada_escudo/sprites/animados-gigante/gurdurr.gif,https://www.pkparaiso.com/imagenes/espada_escudo/sprites/animados-gigante/gurdurr-s.gif
534,conkeldurr,修建老匠,False,verified_header,verified_header,https://www.pkparaiso.com/imagenes/espada_escudo/sprites/animados-gigante/conkeldurr.gif,https://www.pkparaiso.com/imagenes/espada_escudo/sprites/animados-gigante/conkeldurr-s.gif
535,tympole,圆蝌蚪,False,verified_header,verified_header,https://www.pkparaiso.com/imagenes/espada_escudo/sprites/animados-gigante/tympole.gif,https://www.pkparaiso.com/imagenes/espada_escudo/sprites/animados-gigante/tympole-s.gif
536,palpitoad,蓝蟾蜍,False,verified_header,verified_header,https://www.pkparaiso.com/imagenes/espada_escudo/sprites/animados-gigante/palpitoad.gif,https://www.pkparaiso.com/imagenes/espada_escudo/sprites/animados-gigante/palpitoad-s.gif
537,seismitoad,蟾蜍王,False,verified_header,verified_header,https://www.pkparaiso.com/imagenes/espada_escudo/sprites/animados-gigante/seismitoad.gif,https://www.pkparaiso.com/imagenes/espada_escudo/sprites/animados-gigante/seismitoad-s.gif
538,throh,投摔鬼,False,verified_header,verified_header,https://www.pkparaiso.com/imagenes/espada_escudo/sprites/animados-gigante/throh.gif,https://www.pkparaiso.com/imagenes/espada_escudo/sprites/animados-gigante/throh-s.gif
539,sawk,打击鬼,False,verified_header,verified_header,https://www.pkparaiso.com/imagenes/espada_escudo/sprites/animados-gigante/sawk.gif,https://www.pkparaiso.com/imagenes/espada_escudo/sprites/animados-gigante/sawk-s.gif
540,sewaddle,虫宝包,False,no_mapped_index_entry,no_mapped_index_entry,,
541,swadloon,宝包茧,False,no_mapped_index_entry,no_mapped_index_entry,,
542,leavanny,保姆虫,False,no_mapped_index_entry,no_mapped_index_entry,,
543,venipede,百足蜈蚣,False,no_mapped_index_entry,no_mapped_index_entry,,
544,whirlipede,车轮球,False,no_mapped_index_entry,no_mapped_index_entry,,
545,scolipede,蜈蚣王,False,no_mapped_index_entry,no_mapped_index_entry,,
546,cottonee,木棉球,False,verified_header,verified_header,https://www.pkparaiso.com/imagenes/espada_escudo/sprites/animados-gigante/cottonee.gif,https://www.pkparaiso.com/imagenes/espada_escudo/sprites/animados-gigante/cottonee-s.gif
547,whimsicott,风妖精,False,verified_header,verified_header,https://www.pkparaiso.com/imagenes/espada_escudo/sprites/animados-gigante/whimsicott.gif,https://www.pkparaiso.com/imagenes/espada_escudo/sprites/animados-gigante/whimsicott-s.gif
548,petilil,百合根娃娃,False,no_mapped_index_entry,no_mapped_index_entry,,
549,lilligant,裙儿小姐,False,no_mapped_index_entry,no_mapped_index_entry,,
550,basculin-red-striped,野蛮鲈鱼,False,verified_header,verified_header,https://www.pkparaiso.com/imagenes/espada_escudo/sprites/animados-gigante/basculin.gif,https://www.pkparaiso.com/imagenes/espada_escudo/sprites/animados-gigante/basculin-s.gif
551,sandile,黑眼鳄,False,verified_header,verified_header,https://www.pkparaiso.com/imagenes/espada_escudo/sprites/animados-gigante/sandile.gif,https://www.pkparaiso.com/imagenes/espada_escudo/sprites/animados-gigante/sandile-s.gif
552,krokorok,混混鳄,False,verified_header,verified_header,https://www.pkparaiso.com/imagenes/espada_escudo/sprites/animados-gigante/krokorok.gif,https://www.pkparaiso.com/imagenes/espada_escudo/sprites/animados-gigante/krokorok-s.gif
553,krookodile,流氓鳄,False,verified_header,verified_header,https://www.pkparaiso.com/imagenes/espada_escudo/sprites/animados-gigante/krookodile.gif,https://www.pkparaiso.com/imagenes/espada_escudo/sprites/animados-gigante/krookodile-s.gif
554,darumaka,火红不倒翁,False,verified_header,verified_header,https://www.pkparaiso.com/imagenes/espada_escudo/sprites/animados-gigante/darumaka.gif,https://www.pkparaiso.com/imagenes/espada_escudo/sprites/animados-gigante/darumaka-s.gif
555,darmanitan-standard,达摩狒狒,False,verified_header,verified_header,https://www.pkparaiso.com/imagenes/espada_escudo/sprites/animados-gigante/darmanitan.gif,https://www.pkparaiso.com/imagenes/espada_escudo/sprites/animados-gigante/darmanitan-s.gif
556,maractus,沙铃仙人掌,False,verified_header,verified_header,https://www.pkparaiso.com/imagenes/espada_escudo/sprites/animados-gigante/maractus.gif,https://www.pkparaiso.com/imagenes/espada_escudo/sprites/animados-gigante/maractus-s.gif
557,dwebble,石居蟹,False,verified_header,verified_header,https://www.pkparaiso.com/imagenes/espada_escudo/sprites/animados-gigante/dwebble.gif,https://www.pkparaiso.com/imagenes/espada_escudo/sprites/animados-gigante/dwebble-s.gif
558,crustle,岩殿居蟹,False,verified_header,verified_header,https://www.pkparaiso.com/imagenes/espada_escudo/sprites/animados-gigante/crustle.gif,https://www.pkparaiso.com/imagenes/espada_escudo/sprites/animados-gigante/crustle-s.gif
559,scraggy,滑滑小子,False,verified_header,verified_header,https://www.pkparaiso.com/imagenes/espada_escudo/sprites/animados-gigante/scraggy.gif,https://www.pkparaiso.com/imagenes/espada_escudo/sprites/animados-gigante/scraggy-s.gif
560,scrafty,头巾混混,False,verified_header,verified_header,https://www.pkparaiso.com/imagenes/espada_escudo/sprites/animados-gigante/scrafty.gif,https://www.pkparaiso.com/imagenes/espada_escudo/sprites/animados-gigante/scrafty-s.gif
561,sigilyph,象征鸟,False,verified_header,verified_header,https://www.pkparaiso.com/imagenes/espada_escudo/sprites/animados-gigante/sigilyph.gif,https://www.pkparaiso.com/imagenes/espada_escudo/sprites/animados-gigante/sigilyph-s.gif
562,yamask,哭哭面具,False,verified_header,verified_header,https://www.pkparaiso.com/imagenes/espada_escudo/sprites/animados-gigante/yamask.gif,https://www.pkparaiso.com/imagenes/espada_escudo/sprites/animados-gigante/yamask-s.gif
563,cofagrigus,迭失棺,False,verified_header,verified_header,https://www.pkparaiso.com/imagenes/espada_escudo/sprites/animados-gigante/cofagrigus.gif,https://www.pkparaiso.com/imagenes/espada_escudo/sprites/animados-gigante/cofagrigus-s.gif
564,tirtouga,原盖海龟,False,no_mapped_index_entry,no_mapped_index_entry,,
565,carracosta,肋骨海龟,False,no_mapped_index_entry,no_mapped_index_entry,,
566,archen,始祖小鸟,False,no_mapped_index_entry,no_mapped_index_entry,,
567,archeops,始祖大鸟,False,no_mapped_index_entry,no_mapped_index_entry,,
568,trubbish,破破袋,False,verified_header,verified_header,https://www.pkparaiso.com/imagenes/espada_escudo/sprites/animados-gigante/trubbish.gif,https://www.pkparaiso.com/imagenes/espada_escudo/sprites/animados-gigante/trubbish-s.gif
569,garbodor,灰尘山,False,verified_header,verified_header,https://www.pkparaiso.com/imagenes/espada_escudo/sprites/animados-gigante/garbodor.gif,https://www.pkparaiso.com/imagenes/espada_escudo/sprites/animados-gigante/garbodor-s.gif
570,zorua,索罗亚,False,verified_header,verified_header,https://www.pkparaiso.com/imagenes/espada_escudo/sprites/animados-gigante/zorua.gif,https://www.pkparaiso.com/imagenes/espada_escudo/sprites/animados-gigante/zorua-s.gif
571,zoroark,索罗亚克,False,verified_header,verified_header,https://www.pkparaiso.com/imagenes/espada_escudo/sprites/animados-gigante/zoroark.gif,https://www.pkparaiso.com/imagenes/espada_escudo/sprites/animados-gigante/zoroark-s.gif
572,minccino,泡沫栗鼠,False,verified_header,verified_header,https://www.pkparaiso.com/imagenes/espada_escudo/sprites/animados-gigante/minccino.gif,https://www.pkparaiso.com/imagenes/espada_escudo/sprites/animados-gigante/minccino-s.gif
573,cinccino,奇诺栗鼠,False,verified_header,verified_header,https://www.pkparaiso.com/imagenes/espada_escudo/sprites/animados-gigante/cinccino.gif,https://www.pkparaiso.com/imagenes/espada_escudo/sprites/animados-gigante/cinccino-s.gif
574,gothita,哥德宝宝,False,verified_header,verified_header,https://www.pkparaiso.com/imagenes/espada_escudo/sprites/animados-gigante/gothita.gif,https://www.pkparaiso.com/imagenes/espada_escudo/sprites/animados-gigante/gothita-s.gif
575,gothorita,哥德小童,False,verified_header,verified_header,https://www.pkparaiso.com/imagenes/espada_escudo/sprites/animados-gigante/gothorita.gif,https://www.pkparaiso.com/imagenes/espada_escudo/sprites/animados-gigante/gothorita-s.gif
576,gothitelle,哥德小姐,False,verified_header,verified_header,https://www.pkparaiso.com/imagenes/espada_escudo/sprites/animados-gigante/gothitelle.gif,https://www.pkparaiso.com/imagenes/espada_escudo/sprites/animados-gigante/gothitelle-s.gif
577,solosis,单卵细胞球,False,verified_header,verified_header,https://www.pkparaiso.com/imagenes/espada_escudo/sprites/animados-gigante/solosis.gif,https://www.pkparaiso.com/imagenes/espada_escudo/sprites/animados-gigante/solosis-s.gif
578,duosion,双卵细胞球,False,verified_header,verified_header,https://www.pkparaiso.com/imagenes/espada_escudo/sprites/animados-gigante/duosion.gif,https://www.pkparaiso.com/imagenes/espada_escudo/sprites/animados-gigante/duosion-s.gif
579,reuniclus,人造细胞卵,False,verified_header,verified_header,https://www.pkparaiso.com/imagenes/espada_escudo/sprites/animados-gigante/reuniclus.gif,https://www.pkparaiso.com/imagenes/espada_escudo/sprites/animados-gigante/reuniclus-s.gif
580,ducklett,鸭宝宝,False,no_mapped_index_entry,no_mapped_index_entry,,
581,swanna,舞天鹅,False,no_mapped_index_entry,no_mapped_index_entry,,
582,vanillite,迷你冰,False,verified_header,verified_header,https://www.pkparaiso.com/imagenes/espada_escudo/sprites/animados-gigante/vanillite.gif,https://www.pkparaiso.com/imagenes/espada_escudo/sprites/animados-gigante/vanillite-s.gif
583,vanillish,多多冰,False,verified_header,verified_header,https://www.pkparaiso.com/imagenes/espada_escudo/sprites/animados-gigante/vanillish.gif,https://www.pkparaiso.com/imagenes/espada_escudo/sprites/animados-gigante/vanillish-s.gif
584,vanilluxe,双倍多多冰,False,verified_header,verified_header,https://www.pkparaiso.com/imagenes/espada_escudo/sprites/animados-gigante/vanilluxe.gif,https://www.pkparaiso.com/imagenes/espada_escudo/sprites/animados-gigante/vanilluxe-s.gif
585,deerling-spring,四季鹿,False,no_mapped_index_entry,no_mapped_index_entry,,
586,sawsbuck-spring,萌芽鹿,False,no_mapped_index_entry,no_mapped_index_entry,,
587,emolga,电飞鼠,False,verified_header,verified_header,https://www.pkparaiso.com/imagenes/espada_escudo/sprites/animados-gigante/emolga.gif,https://www.pkparaiso.com/imagenes/espada_escudo/sprites/animados-gigante/emolga-s.gif
588,karrablast,盖盖虫,False,verified_header,verified_header,https://www.pkparaiso.com/imagenes/espada_escudo/sprites/animados-gigante/karrablast.gif,https://www.pkparaiso.com/imagenes/espada_escudo/sprites/animados-gigante/karrablast-s.gif
589,escavalier,骑士蜗牛,False,verified_header,verified_header,https://www.pkparaiso.com/imagenes/espada_escudo/sprites/animados-gigante/escavalier.gif,https://www.pkparaiso.com/imagenes/espada_escudo/sprites/animados-gigante/escavalier-s.gif
590,foongus,哎呀球菇,False,no_mapped_index_entry,no_mapped_index_entry,,
591,amoonguss,败露球菇,False,no_mapped_index_entry,no_mapped_index_entry,,
592,frillish-male,轻飘飘,False,verified_header,verified_header,https://www.pkparaiso.com/imagenes/espada_escudo/sprites/animados-gigante/frillish.gif,https://www.pkparaiso.com/imagenes/espada_escudo/sprites/animados-gigante/frillish-s.gif
593,jellicent-male,胖嘟嘟,False,verified_header,verified_header,https://www.pkparaiso.com/imagenes/espada_escudo/sprites/animados-gigante/jellicent.gif,https://www.pkparaiso.com/imagenes/espada_escudo/sprites/animados-gigante/jellicent-s.gif
594,alomomola,保姆曼波,False,no_mapped_index_entry,no_mapped_index_entry,,
595,joltik,电电虫,False,verified_header,verified_header,https://www.pkparaiso.com/imagenes/espada_escudo/sprites/animados-gigante/joltik.gif,https://www.pkparaiso.com/imagenes/espada_escudo/sprites/animados-gigante/joltik-s.gif
596,galvantula,电蜘蛛,False,verified_header,verified_header,https://www.pkparaiso.com/imagenes/espada_escudo/sprites/animados-gigante/galvantula.gif,https://www.pkparaiso.com/imagenes/espada_escudo/sprites/animados-gigante/galvantula-s.gif
597,ferroseed,种子铁球,False,verified_header,verified_header,https://www.pkparaiso.com/imagenes/espada_escudo/sprites/animados-gigante/ferroseed.gif,https://www.pkparaiso.com/imagenes/espada_escudo/sprites/animados-gigante/ferroseed-s.gif
598,ferrothorn,坚果哑铃,False,verified_header,verified_header,https://www.pkparaiso.com/imagenes/espada_escudo/sprites/animados-gigante/ferrothorn.gif,https://www.pkparaiso.com/imagenes/espada_escudo/sprites/animados-gigante/ferrothorn-s.gif
599,klink,齿轮儿,False,verified_header,verified_header,https://www.pkparaiso.com/imagenes/espada_escudo/sprites/animados-gigante/klink.gif,https://www.pkparaiso.com/imagenes/espada_escudo/sprites/animados-gigante/klink-s.gif
600,klang,齿轮组,False,verified_header,verified_header,https://www.pkparaiso.com/imagenes/espada_escudo/sprites/animados-gigante/klang.gif,https://www.pkparaiso.com/imagenes/espada_escudo/sprites/animados-gigante/klang-s.gif
601,klinklang,齿轮怪,False,verified_header,verified_header,https://www.pkparaiso.com/imagenes/espada_escudo/sprites/animados-gigante/klinklang.gif,https://www.pkparaiso.com/imagenes/espada_escudo/sprites/animados-gigante/klinklang-s.gif
602,tynamo,麻麻小鱼,False,no_mapped_index_entry,no_mapped_index_entry,,
603,eelektrik,麻麻鳗,False,no_mapped_index_entry,no_mapped_index_entry,,
604,eelektross,麻麻鳗鱼王,False,no_mapped_index_entry,no_mapped_index_entry,,
605,elgyem,小灰怪,False,verified_header,verified_header,https://www.pkparaiso.com/imagenes/espada_escudo/sprites/animados-gigante/elgyem.gif,https://www.pkparaiso.com/imagenes/espada_escudo/sprites/animados-gigante/elgyem-s.gif
606,beheeyem,大宇怪,False,verified_header,verified_header,https://www.pkparaiso.com/imagenes/espada_escudo/sprites/animados-gigante/beheeyem.gif,https://www.pkparaiso.com/imagenes/espada_escudo/sprites/animados-gigante/beheeyem-s.gif
607,litwick,烛光灵,False,verified_header,verified_header,https://www.pkparaiso.com/imagenes/espada_escudo/sprites/animados-gigante/litwick.gif,https://www.pkparaiso.com/imagenes/espada_escudo/sprites/animados-gigante/litwick-s.gif
608,lampent,灯火幽灵,False,verified_header,verified_header,https://www.pkparaiso.com/imagenes/espada_escudo/sprites/animados-gigante/lampent.gif,https://www.pkparaiso.com/imagenes/espada_escudo/sprites/animados-gigante/lampent-s.gif
609,chandelure,水晶灯火灵,False,verified_header,verified_header,https://www.pkparaiso.com/imagenes/espada_escudo/sprites/animados-gigante/chandelure.gif,https://www.pkparaiso.com/imagenes/espada_escudo/sprites/animados-gigante/chandelure-s.gif
610,axew,牙牙,False,verified_header,verified_header,https://www.pkparaiso.com/imagenes/espada_escudo/sprites/animados-gigante/axew.gif,https://www.pkparaiso.com/imagenes/espada_escudo/sprites/animados-gigante/axew-s.gif
611,fraxure,斧牙龙,False,verified_header,verified_header,https://www.pkparaiso.com/imagenes/espada_escudo/sprites/animados-gigante/fraxure.gif,https://www.pkparaiso.com/imagenes/espada_escudo/sprites/animados-gigante/fraxure-s.gif
612,haxorus,双斧战龙,False,verified_header,verified_header,https://www.pkparaiso.com/imagenes/espada_escudo/sprites/animados-gigante/haxorus.gif,https://www.pkparaiso.com/imagenes/espada_escudo/sprites/animados-gigante/haxorus-s.gif
613,cubchoo,喷嚏熊,False,verified_header,verified_header,https://www.pkparaiso.com/imagenes/espada_escudo/sprites/animados-gigante/cubchoo.gif,https://www.pkparaiso.com/imagenes/espada_escudo/sprites/animados-gigante/cubchoo-s.gif
614,beartic,冻原熊,False,verified_header,verified_header,https://www.pkparaiso.com/imagenes/espada_escudo/sprites/animados-gigante/beartic.gif,https://www.pkparaiso.com/imagenes/espada_escudo/sprites/animados-gigante/beartic-s.gif
615,cryogonal,几何雪花,False,no_mapped_index_entry,no_mapped_index_entry,,
616,shelmet,小嘴蜗,False,verified_header,verified_header,https://www.pkparaiso.com/imagenes/espada_escudo/sprites/animados-gigante/shelmet.gif,https://www.pkparaiso.com/imagenes/espada_escudo/sprites/animados-gigante/shelmet-s.gif
617,accelgor,敏捷虫,False,verified_header,verified_header,https://www.pkparaiso.com/imagenes/espada_escudo/sprites/animados-gigante/accelgor.gif,https://www.pkparaiso.com/imagenes/espada_escudo/sprites/animados-gigante/accelgor-s.gif
618,stunfisk,泥巴鱼,False,verified_header,verified_header,https://www.pkparaiso.com/imagenes/espada_escudo/sprites/animados-gigante/stunfisk.gif,https://www.pkparaiso.com/imagenes/espada_escudo/sprites/animados-gigante/stunfisk-s.gif
619,mienfoo,功夫鼬,False,no_mapped_index_entry,no_mapped_index_entry,,
620,mienshao,师父鼬,False,no_mapped_index_entry,no_mapped_index_entry,,
621,druddigon,赤面龙,False,no_mapped_index_entry,no_mapped_index_entry,,
622,golett,泥偶小人,False,verified_header,verified_header,https://www.pkparaiso.com/imagenes/espada_escudo/sprites/animados-gigante/golett.gif,https://www.pkparaiso.com/imagenes/espada_escudo/sprites/animados-gigante/golett-s.gif
623,golurk,泥偶巨人,False,verified_header,verified_header,https://www.pkparaiso.com/imagenes/espada_escudo/sprites/animados-gigante/golurk.gif,https://www.pkparaiso.com/imagenes/espada_escudo/sprites/animados-gigante/golurk-s.gif
624,pawniard,驹刀小兵,False,verified_header,verified_header,https://www.pkparaiso.com/imagenes/espada_escudo/sprites/animados-gigante/pawniard.gif,https://www.pkparaiso.com/imagenes/espada_escudo/sprites/animados-gigante/pawniard-s.gif
625,bisharp,劈斩司令,False,verified_header,verified_header,https://www.pkparaiso.com/imagenes/espada_escudo/sprites/animados-gigante/bisharp.gif,https://www.pkparaiso.com/imagenes/espada_escudo/sprites/animados-gigante/bisharp-s.gif
626,bouffalant,爆炸头水牛,False,no_mapped_index_entry,no_mapped_index_entry,,
627,rufflet,毛头小鹰,False,verified_header,verified_header,https://www.pkparaiso.com/imagenes/espada_escudo/sprites/animados-gigante/rufflet.gif,https://www.pkparaiso.com/imagenes/espada_escudo/sprites/animados-gigante/rufflet-s.gif
628,braviary,勇士雄鹰,False,verified_header,verified_header,https://www.pkparaiso.com/imagenes/espada_escudo/sprites/animados-gigante/braviary.gif,https://www.pkparaiso.com/imagenes/espada_escudo/sprites/animados-gigante/braviary-s.gif
629,vullaby,秃鹰丫头,False,verified_header,verified_header,https://www.pkparaiso.com/imagenes/espada_escudo/sprites/animados-gigante/vullaby.gif,https://www.pkparaiso.com/imagenes/espada_escudo/sprites/animados-gigante/vullaby-s.gif
630,mandibuzz,秃鹰娜,False,verified_header,verified_header,https://www.pkparaiso.com/imagenes/espada_escudo/sprites/animados-gigante/mandibuzz.gif,https://www.pkparaiso.com/imagenes/espada_escudo/sprites/animados-gigante/mandibuzz-s.gif
631,heatmor,熔蚁兽,False,verified_header,verified_header,https://www.pkparaiso.com/imagenes/espada_escudo/sprites/animados-gigante/heatmor.gif,https://www.pkparaiso.com/imagenes/espada_escudo/sprites/animados-gigante/heatmor-s.gif
632,durant,铁蚁,False,verified_header,verified_header,https://www.pkparaiso.com/imagenes/espada_escudo/sprites/animados-gigante/durant.gif,https://www.pkparaiso.com/imagenes/espada_escudo/sprites/animados-gigante/durant-s.gif
633,deino,单首龙,False,verified_header,verified_header,https://www.pkparaiso.com/imagenes/espada_escudo/sprites/animados-gigante/deino.gif,https://www.pkparaiso.com/imagenes/espada_escudo/sprites/animados-gigante/deino-s.gif
634,zweilous,双首暴龙,False,verified_header,verified_header,https://www.pkparaiso.com/imagenes/espada_escudo/sprites/animados-gigante/zweilous.gif,https://www.pkparaiso.com/imagenes/espada_escudo/sprites/animados-gigante/zweilous-s.gif
635,hydreigon,三首恶龙,False,verified_header,verified_header,https://www.pkparaiso.com/imagenes/espada_escudo/sprites/animados-gigante/hydreigon.gif,https://www.pkparaiso.com/imagenes/espada_escudo/sprites/animados-gigante/hydreigon-s.gif
636,larvesta,燃烧虫,False,verified_header,verified_header,https://www.pkparaiso.com/imagenes/espada_escudo/sprites/animados-gigante/larvesta.gif,https://www.pkparaiso.com/imagenes/espada_escudo/sprites/animados-gigante/larvesta-s.gif
637,volcarona,火神蛾,False,verified_header,verified_header,https://www.pkparaiso.com/imagenes/espada_escudo/sprites/animados-gigante/volcarona.gif,https://www.pkparaiso.com/imagenes/espada_escudo/sprites/animados-gigante/volcarona-s.gif
638,cobalion,勾帕路翁,False,verified_header,verified_header,https://www.pkparaiso.com/imagenes/espada_escudo/sprites/animados-gigante/cobalion.gif,https://www.pkparaiso.com/imagenes/espada_escudo/sprites/animados-gigante/cobalion-s.gif
639,terrakion,代拉基翁,False,verified_header,verified_header,https://www.pkparaiso.com/imagenes/espada_escudo/sprites/animados-gigante/terrakion.gif,https://www.pkparaiso.com/imagenes/espada_escudo/sprites/animados-gigante/terrakion-s.gif
640,virizion,毕力吉翁,False,verified_header,verified_header,https://www.pkparaiso.com/imagenes/espada_escudo/sprites/animados-gigante/virizion.gif,https://www.pkparaiso.com/imagenes/espada_escudo/sprites/animados-gigante/virizion-s.gif
641,tornadus-incarnate,龙卷云,False,no_mapped_index_entry,no_mapped_index_entry,,
642,thundurus-incarnate,雷电云,False,no_mapped_index_entry,no_mapped_index_entry,,
643,reshiram,莱希拉姆,False,verified_header,verified_header,https://www.pkparaiso.com/imagenes/espada_escudo/sprites/animados-gigante/reshiram.gif,https://www.pkparaiso.com/imagenes/espada_escudo/sprites/animados-gigante/reshiram-s.gif
644,zekrom,捷克罗姆,False,verified_header,verified_header,https://www.pkparaiso.com/imagenes/espada_escudo/sprites/animados-gigante/zekrom.gif,https://www.pkparaiso.com/imagenes/espada_escudo/sprites/animados-gigante/zekrom-s.gif
645,landorus-incarnate,土地云,False,no_mapped_index_entry,no_mapped_index_entry,,
646,kyurem,酋雷姆,False,verified_header,verified_header,https://www.pkparaiso.com/imagenes/espada_escudo/sprites/animados-gigante/kyurem.gif,https://www.pkparaiso.com/imagenes/espada_escudo/sprites/animados-gigante/kyurem-s.gif
647,keldeo-ordinary,凯路迪欧,False,verified_header,verified_header,https://www.pkparaiso.com/imagenes/espada_escudo/sprites/animados-gigante/keldeo.gif,https://www.pkparaiso.com/imagenes/espada_escudo/sprites/animados-gigante/keldeo-s.gif
648,meloetta-aria,美洛耶塔,False,no_mapped_index_entry,no_mapped_index_entry,,
649,genesect,盖诺赛克特,False,no_mapped_index_entry,no_mapped_index_entry,,
650,chespin,哈力栗,False,verified_header,verified_header,https://www.pkparaiso.com/imagenes/ultra_sol_ultra_luna/sprites/animados-sinbordes-gigante/chespin.gif,https://www.pkparaiso.com/imagenes/ultra_sol_ultra_luna/sprites/animados-sinbordes-gigante/chespin-s.gif
651,quilladin,胖胖哈力,False,verified_header,verified_header,https://www.pkparaiso.com/imagenes/ultra_sol_ultra_luna/sprites/animados-sinbordes-gigante/quilladin.gif,https://www.pkparaiso.com/imagenes/ultra_sol_ultra_luna/sprites/animados-sinbordes-gigante/quilladin-s.gif
652,chesnaught,布里卡隆,False,verified_header,verified_header,https://www.pkparaiso.com/imagenes/ultra_sol_ultra_luna/sprites/animados-sinbordes-gigante/chesnaught.gif,https://www.pkparaiso.com/imagenes/ultra_sol_ultra_luna/sprites/animados-sinbordes-gigante/chesnaught-s.gif
653,fennekin,火狐狸,False,verified_header,verified_header,https://www.pkparaiso.com/imagenes/ultra_sol_ultra_luna/sprites/animados-sinbordes-gigante/fennekin.gif,https://www.pkparaiso.com/imagenes/ultra_sol_ultra_luna/sprites/animados-sinbordes-gigante/fennekin-s.gif
654,braixen,长尾火狐,False,verified_header,verified_header,https://www.pkparaiso.com/imagenes/ultra_sol_ultra_luna/sprites/animados-sinbordes-gigante/braixen.gif,https://www.pkparaiso.com/imagenes/ultra_sol_ultra_luna/sprites/animados-sinbordes-gigante/braixen-s.gif
655,delphox,妖火红狐,False,verified_header,verified_header,https://www.pkparaiso.com/imagenes/ultra_sol_ultra_luna/sprites/animados-sinbordes-gigante/delphox.gif,https://www.pkparaiso.com/imagenes/ultra_sol_ultra_luna/sprites/animados-sinbordes-gigante/delphox-s.gif
656,froakie,呱呱泡蛙,False,verified_header,verified_header,https://www.pkparaiso.com/imagenes/ultra_sol_ultra_luna/sprites/animados-sinbordes-gigante/froakie.gif,https://www.pkparaiso.com/imagenes/ultra_sol_ultra_luna/sprites/animados-sinbordes-gigante/froakie-s.gif
657,frogadier,呱头蛙,False,verified_header,verified_header,https://www.pkparaiso.com/imagenes/ultra_sol_ultra_luna/sprites/animados-sinbordes-gigante/frogadier.gif,https://www.pkparaiso.com/imagenes/ultra_sol_ultra_luna/sprites/animados-sinbordes-gigante/frogadier-s.gif
658,greninja,甲贺忍蛙,False,verified_header,verified_header,https://www.pkparaiso.com/imagenes/ultra_sol_ultra_luna/sprites/animados-sinbordes-gigante/greninja.gif,https://www.pkparaiso.com/imagenes/ultra_sol_ultra_luna/sprites/animados-sinbordes-gigante/greninja-s.gif
659,bunnelby,掘掘兔,False,verified_header,verified_header,https://www.pkparaiso.com/imagenes/espada_escudo/sprites/animados-gigante/bunnelby.gif,https://www.pkparaiso.com/imagenes/espada_escudo/sprites/animados-gigante/bunnelby-s.gif
660,diggersby,掘地兔,False,verified_header,verified_header,https://www.pkparaiso.com/imagenes/espada_escudo/sprites/animados-gigante/diggersby.gif,https://www.pkparaiso.com/imagenes/espada_escudo/sprites/animados-gigante/diggersby-s.gif
661,fletchling,小箭雀,False,no_mapped_index_entry,no_mapped_index_entry,,
662,fletchinder,火箭雀,False,no_mapped_index_entry,no_mapped_index_entry,,
663,talonflame,烈箭鹰,False,no_mapped_index_entry,no_mapped_index_entry,,
664,scatterbug-icy-snow,粉蝶虫,False,no_mapped_index_entry,no_mapped_index_entry,,
665,spewpa-icy-snow,粉蝶蛹,False,no_mapped_index_entry,no_mapped_index_entry,,
666,vivillon-meadow,彩粉蝶,False,no_mapped_index_entry,no_mapped_index_entry,,
667,litleo,小狮狮,False,no_mapped_index_entry,no_mapped_index_entry,,
668,pyroar-male,火炎狮,False,no_mapped_index_entry,no_mapped_index_entry,,
669,flabebe-red,花蓓蓓,False,no_mapped_index_entry,no_mapped_index_entry,,
670,floette-red,花叶蒂,False,no_mapped_index_entry,no_mapped_index_entry,,
671,florges-red,花洁夫人,False,no_mapped_index_entry,no_mapped_index_entry,,
672,skiddo,坐骑小羊,False,no_mapped_index_entry,no_mapped_index_entry,,
673,gogoat,坐骑山羊,False,no_mapped_index_entry,no_mapped_index_entry,,
674,pancham,顽皮熊猫,False,verified_header,verified_header,https://www.pkparaiso.com/imagenes/espada_escudo/sprites/animados-gigante/pancham.gif,https://www.pkparaiso.com/imagenes/espada_escudo/sprites/animados-gigante/pancham-s.gif
675,pangoro,霸道熊猫,False,verified_header,verified_header,https://www.pkparaiso.com/imagenes/espada_escudo/sprites/animados-gigante/pangoro.gif,https://www.pkparaiso.com/imagenes/espada_escudo/sprites/animados-gigante/pangoro-s.gif
676,furfrou-natural,多丽米亚,False,no_mapped_index_entry,no_mapped_index_entry,,
677,espurr,妙喵,False,verified_header,verified_header,https://www.pkparaiso.com/imagenes/espada_escudo/sprites/animados-gigante/espurr.gif,https://www.pkparaiso.com/imagenes/espada_escudo/sprites/animados-gigante/espurr-s.gif
678,meowstic-male,超能妙喵,False,verified_header,verified_header,https://www.pkparaiso.com/imagenes/espada_escudo/sprites/animados-gigante/meowstic.gif,https://www.pkparaiso.com/imagenes/espada_escudo/sprites/animados-gigante/meowstic-s.gif
679,honedge,独剑鞘,False,verified_header,verified_header,https://www.pkparaiso.com/imagenes/espada_escudo/sprites/animados-gigante/honedge.gif,https://www.pkparaiso.com/imagenes/espada_escudo/sprites/animados-gigante/honedge-s.gif
680,doublade,双剑鞘,False,verified_header,verified_header,https://www.pkparaiso.com/imagenes/espada_escudo/sprites/animados-gigante/doublade.gif,https://www.pkparaiso.com/imagenes/espada_escudo/sprites/animados-gigante/doublade-s.gif
681,aegislash-shield,坚盾剑怪,False,verified_header,verified_header,https://www.pkparaiso.com/imagenes/espada_escudo/sprites/animados-gigante/aegislash.gif,https://www.pkparaiso.com/imagenes/espada_escudo/sprites/animados-gigante/aegislash-s.gif
682,spritzee,粉香香,False,verified_header,verified_header,https://www.pkparaiso.com/imagenes/espada_escudo/sprites/animados-gigante/spritzee.gif,https://www.pkparaiso.com/imagenes/espada_escudo/sprites/animados-gigante/spritzee-s.gif
683,aromatisse,芳香精,False,verified_header,verified_header,https://www.pkparaiso.com/imagenes/espada_escudo/sprites/animados-gigante/aromatisse.gif,https://www.pkparaiso.com/imagenes/espada_escudo/sprites/animados-gigante/aromatisse-s.gif
684,swirlix,绵绵泡芙,False,verified_header,verified_header,https://www.pkparaiso.com/imagenes/espada_escudo/sprites/animados-gigante/swirlix.gif,https://www.pkparaiso.com/imagenes/espada_escudo/sprites/animados-gigante/swirlix-s.gif
685,slurpuff,胖甜妮,False,verified_header,verified_header,https://www.pkparaiso.com/imagenes/espada_escudo/sprites/animados-gigante/slurpuff.gif,https://www.pkparaiso.com/imagenes/espada_escudo/sprites/animados-gigante/slurpuff-s.gif
686,inkay,好啦鱿,False,verified_header,verified_header,https://www.pkparaiso.com/imagenes/espada_escudo/sprites/animados-gigante/inkay.gif,https://www.pkparaiso.com/imagenes/espada_escudo/sprites/animados-gigante/inkay-s.gif
687,malamar,乌贼王,False,verified_header,verified_header,https://www.pkparaiso.com/imagenes/espada_escudo/sprites/animados-gigante/malamar.gif,https://www.pkparaiso.com/imagenes/espada_escudo/sprites/animados-gigante/malamar-s.gif
688,binacle,龟脚脚,False,verified_header,verified_header,https://www.pkparaiso.com/imagenes/espada_escudo/sprites/animados-gigante/binacle.gif,https://www.pkparaiso.com/imagenes/espada_escudo/sprites/animados-gigante/binacle-s.gif
689,barbaracle,龟足巨铠,False,verified_header,verified_header,https://www.pkparaiso.com/imagenes/espada_escudo/sprites/animados-gigante/barbaracle.gif,https://www.pkparaiso.com/imagenes/espada_escudo/sprites/animados-gigante/barbaracle-s.gif
690,skrelp,垃垃藻,False,verified_header,verified_header,https://www.pkparaiso.com/imagenes/espada_escudo/sprites/animados-gigante/skrelp.gif,https://www.pkparaiso.com/imagenes/espada_escudo/sprites/animados-gigante/skrelp-s.gif
691,dragalge,毒藻龙,False,verified_header,verified_header,https://www.pkparaiso.com/imagenes/espada_escudo/sprites/animados-gigante/dragalge.gif,https://www.pkparaiso.com/imagenes/espada_escudo/sprites/animados-gigante/dragalge-s.gif
692,clauncher,铁臂枪虾,False,no_mapped_index_entry,no_mapped_index_entry,,
693,clawitzer,钢炮臂虾,False,no_mapped_index_entry,no_mapped_index_entry,,
694,helioptile,伞电蜥,False,verified_header,verified_header,https://www.pkparaiso.com/imagenes/espada_escudo/sprites/animados-gigante/helioptile.gif,https://www.pkparaiso.com/imagenes/espada_escudo/sprites/animados-gigante/helioptile-s.gif
695,heliolisk,光电伞蜥,False,verified_header,verified_header,https://www.pkparaiso.com/imagenes/espada_escudo/sprites/animados-gigante/heliolisk.gif,https://www.pkparaiso.com/imagenes/espada_escudo/sprites/animados-gigante/heliolisk-s.gif
696,tyrunt,宝宝暴龙,False,no_mapped_index_entry,no_mapped_index_entry,,
697,tyrantrum,怪颚龙,False,no_mapped_index_entry,no_mapped_index_entry,,
698,amaura,冰雪龙,False,no_mapped_index_entry,no_mapped_index_entry,,
699,aurorus,冰雪巨龙,False,no_mapped_index_entry,no_mapped_index_entry,,
700,sylveon,仙子伊布,False,verified_header,verified_header,https://www.pkparaiso.com/imagenes/espada_escudo/sprites/animados-gigante/sylveon.gif,https://www.pkparaiso.com/imagenes/espada_escudo/sprites/animados-gigante/sylveon-s.gif
701,hawlucha,摔角鹰人,False,verified_header,verified_header,https://www.pkparaiso.com/imagenes/espada_escudo/sprites/animados-gigante/hawlucha.gif,https://www.pkparaiso.com/imagenes/espada_escudo/sprites/animados-gigante/hawlucha-s.gif
702,dedenne,咚咚鼠,False,no_mapped_index_entry,no_mapped_index_entry,,
703,carbink,小碎钻,False,no_mapped_index_entry,no_mapped_index_entry,,
704,goomy,黏黏宝,False,verified_header,verified_header,https://www.pkparaiso.com/imagenes/espada_escudo/sprites/animados-gigante/goomy.gif,https://www.pkparaiso.com/imagenes/espada_escudo/sprites/animados-gigante/goomy-s.gif
705,sliggoo,黏美儿,False,verified_header,verified_header,https://www.pkparaiso.com/imagenes/espada_escudo/sprites/animados-gigante/sliggoo.gif,https://www.pkparaiso.com/imagenes/espada_escudo/sprites/animados-gigante/sliggoo-s.gif
706,goodra,黏美龙,False,verified_header,verified_header,https://www.pkparaiso.com/imagenes/espada_escudo/sprites/animados-gigante/goodra.gif,https://www.pkparaiso.com/imagenes/espada_escudo/sprites/animados-gigante/goodra-s.gif
707,klefki,钥圈儿,False,no_mapped_index_entry,no_mapped_index_entry,,
708,phantump,小木灵,False,verified_header,verified_header,https://www.pkparaiso.com/imagenes/espada_escudo/sprites/animados-gigante/phantump.gif,https://www.pkparaiso.com/imagenes/espada_escudo/sprites/animados-gigante/phantump-s.gif
709,trevenant,朽木妖,False,verified_header,verified_header,https://www.pkparaiso.com/imagenes/espada_escudo/sprites/animados-gigante/trevenant.gif,https://www.pkparaiso.com/imagenes/espada_escudo/sprites/animados-gigante/trevenant-s.gif
710,pumpkaboo-average,南瓜精,False,verified_header,verified_header,https://www.pkparaiso.com/imagenes/espada_escudo/sprites/animados-gigante/pumpkaboo.gif,https://www.pkparaiso.com/imagenes/espada_escudo/sprites/animados-gigante/pumpkaboo-s.gif
711,gourgeist-average,南瓜怪人,False,verified_header,verified_header,https://www.pkparaiso.com/imagenes/espada_escudo/sprites/animados-gigante/gourgeist.gif,https://www.pkparaiso.com/imagenes/espada_escudo/sprites/animados-gigante/gourgeist-s.gif
712,bergmite,冰宝,False,verified_header,verified_header,https://www.pkparaiso.com/imagenes/espada_escudo/sprites/animados-gigante/bergmite.gif,https://www.pkparaiso.com/imagenes/espada_escudo/sprites/animados-gigante/bergmite-s.gif
713,avalugg,冰岩怪,False,verified_header,verified_header,https://www.pkparaiso.com/imagenes/espada_escudo/sprites/animados-gigante/avalugg.gif,https://www.pkparaiso.com/imagenes/espada_escudo/sprites/animados-gigante/avalugg-s.gif
714,noibat,嗡蝠,False,verified_header,verified_header,https://www.pkparaiso.com/imagenes/espada_escudo/sprites/animados-gigante/noibat.gif,https://www.pkparaiso.com/imagenes/espada_escudo/sprites/animados-gigante/noibat-s.gif
715,noivern,音波龙,False,verified_header,verified_header,https://www.pkparaiso.com/imagenes/espada_escudo/sprites/animados-gigante/noivern.gif,https://www.pkparaiso.com/imagenes/espada_escudo/sprites/animados-gigante/noivern-s.gif
716,xerneas-neutral,哲尔尼亚斯,False,verified_header,verified_header,https://www.pkparaiso.com/imagenes/ultra_sol_ultra_luna/sprites/animados-sinbordes-gigante/xerneas.gif,https://www.pkparaiso.com/imagenes/ultra_sol_ultra_luna/sprites/animados-sinbordes-gigante/xerneas-s.gif
717,yveltal,伊裴尔塔尔,False,no_mapped_index_entry,no_mapped_index_entry,,
718,zygarde-50,基格尔德,False,no_mapped_index_entry,no_mapped_index_entry,,
719,diancie,蒂安希,False,no_mapped_index_entry,no_mapped_index_entry,,
720,hoopa,胡帕,False,no_mapped_index_entry,no_mapped_index_entry,,
721,volcanion,波尔凯尼恩,False,no_mapped_index_entry,no_mapped_index_entry,,
722,rowlet,木木枭,False,verified_header,verified_header,https://www.pkparaiso.com/imagenes/espada_escudo/sprites/animados-gigante/rowlet.gif | https://www.pkparaiso.com/imagenes/ultra_sol_ultra_luna/sprites/animados-sinbordes-gigante/rowlet.gif,https://www.pkparaiso.com/imagenes/espada_escudo/sprites/animados-gigante/rowlet-s.gif | https://www.pkparaiso.com/imagenes/ultra_sol_ultra_luna/sprites/animados-sinbordes-gigante/rowlet-s.gif
723,dartrix,投羽枭,False,verified_header,verified_header,https://www.pkparaiso.com/imagenes/espada_escudo/sprites/animados-gigante/dartrix.gif | https://www.pkparaiso.com/imagenes/ultra_sol_ultra_luna/sprites/animados-sinbordes-gigante/dartrix.gif,https://www.pkparaiso.com/imagenes/espada_escudo/sprites/animados-gigante/dartrix-s.gif | https://www.pkparaiso.com/imagenes/ultra_sol_ultra_luna/sprites/animados-sinbordes-gigante/dartrix-s.gif
724,decidueye,狙射树枭,False,verified_header,verified_header,https://www.pkparaiso.com/imagenes/espada_escudo/sprites/animados-gigante/decidueye.gif | https://www.pkparaiso.com/imagenes/ultra_sol_ultra_luna/sprites/animados-sinbordes-gigante/decidueye.gif,https://www.pkparaiso.com/imagenes/espada_escudo/sprites/animados-gigante/decidueye-s.gif | https://www.pkparaiso.com/imagenes/ultra_sol_ultra_luna/sprites/animados-sinbordes-gigante/decidueye-s.gif
725,litten,火斑喵,False,verified_header,verified_header,https://www.pkparaiso.com/imagenes/espada_escudo/sprites/animados-gigante/litten.gif | https://www.pkparaiso.com/imagenes/ultra_sol_ultra_luna/sprites/animados-sinbordes-gigante/litten.gif,https://www.pkparaiso.com/imagenes/espada_escudo/sprites/animados-gigante/litten-s.gif | https://www.pkparaiso.com/imagenes/ultra_sol_ultra_luna/sprites/animados-sinbordes-gigante/litten-s.gif
726,torracat,炎热喵,False,verified_header,verified_header,https://www.pkparaiso.com/imagenes/espada_escudo/sprites/animados-gigante/torracat.gif | https://www.pkparaiso.com/imagenes/ultra_sol_ultra_luna/sprites/animados-sinbordes-gigante/torracat.gif,https://www.pkparaiso.com/imagenes/espada_escudo/sprites/animados-gigante/torracat-s.gif | https://www.pkparaiso.com/imagenes/ultra_sol_ultra_luna/sprites/animados-sinbordes-gigante/torracat-s.gif
727,incineroar,炽焰咆哮虎,False,verified_header,verified_header,https://www.pkparaiso.com/imagenes/espada_escudo/sprites/animados-gigante/incineroar.gif | https://www.pkparaiso.com/imagenes/ultra_sol_ultra_luna/sprites/animados-sinbordes-gigante/incineroar.gif,https://www.pkparaiso.com/imagenes/espada_escudo/sprites/animados-gigante/incineroar-s.gif | https://www.pkparaiso.com/imagenes/ultra_sol_ultra_luna/sprites/animados-sinbordes-gigante/incineroar-s.gif
728,popplio,球球海狮,False,verified_header,verified_header,https://www.pkparaiso.com/imagenes/espada_escudo/sprites/animados-gigante/popplio.gif | https://www.pkparaiso.com/imagenes/ultra_sol_ultra_luna/sprites/animados-sinbordes-gigante/popplio.gif,https://www.pkparaiso.com/imagenes/espada_escudo/sprites/animados-gigante/popplio-s.gif | https://www.pkparaiso.com/imagenes/ultra_sol_ultra_luna/sprites/animados-sinbordes-gigante/popplio-s.gif
729,brionne,花漾海狮,False,verified_header,verified_header,https://www.pkparaiso.com/imagenes/espada_escudo/sprites/animados-gigante/brionne.gif | https://www.pkparaiso.com/imagenes/ultra_sol_ultra_luna/sprites/animados-sinbordes-gigante/brionne.gif,https://www.pkparaiso.com/imagenes/espada_escudo/sprites/animados-gigante/brionne-s.gif | https://www.pkparaiso.com/imagenes/ultra_sol_ultra_luna/sprites/animados-sinbordes-gigante/brionne-s.gif
730,primarina,西狮海壬,False,verified_header,verified_header,https://www.pkparaiso.com/imagenes/espada_escudo/sprites/animados-gigante/primarina.gif | https://www.pkparaiso.com/imagenes/ultra_sol_ultra_luna/sprites/animados-sinbordes-gigante/primarina.gif,https://www.pkparaiso.com/imagenes/espada_escudo/sprites/animados-gigante/primarina-s.gif | https://www.pkparaiso.com/imagenes/ultra_sol_ultra_luna/sprites/animados-sinbordes-gigante/primarina-s.gif
731,pikipek,小笃儿,False,verified_header,verified_header,https://www.pkparaiso.com/imagenes/ultra_sol_ultra_luna/sprites/animados-sinbordes-gigante/pikipek.gif,https://www.pkparaiso.com/imagenes/ultra_sol_ultra_luna/sprites/animados-sinbordes-gigante/pikipek-s.gif
732,trumbeak,喇叭啄鸟,False,verified_header,verified_header,https://www.pkparaiso.com/imagenes/ultra_sol_ultra_luna/sprites/animados-sinbordes-gigante/trumbeak.gif,https://www.pkparaiso.com/imagenes/ultra_sol_ultra_luna/sprites/animados-sinbordes-gigante/trumbeak-s.gif
733,toucannon,铳嘴大鸟,False,verified_header,verified_header,https://www.pkparaiso.com/imagenes/ultra_sol_ultra_luna/sprites/animados-sinbordes-gigante/toucannon.gif,https://www.pkparaiso.com/imagenes/ultra_sol_ultra_luna/sprites/animados-sinbordes-gigante/toucannon-s.gif
734,yungoos,猫鼬少,False,verified_header,verified_header,https://www.pkparaiso.com/imagenes/ultra_sol_ultra_luna/sprites/animados-sinbordes-gigante/yungoos.gif,https://www.pkparaiso.com/imagenes/ultra_sol_ultra_luna/sprites/animados-sinbordes-gigante/yungoos-s.gif
735,gumshoos,猫鼬探长,False,verified_header,verified_header,https://www.pkparaiso.com/imagenes/ultra_sol_ultra_luna/sprites/animados-sinbordes-gigante/gumshoos.gif,https://www.pkparaiso.com/imagenes/ultra_sol_ultra_luna/sprites/animados-sinbordes-gigante/gumshoos-s.gif
736,grubbin,强颚鸡母虫,False,verified_header,verified_header,https://www.pkparaiso.com/imagenes/espada_escudo/sprites/animados-gigante/grubbin.gif,https://www.pkparaiso.com/imagenes/espada_escudo/sprites/animados-gigante/grubbin-s.gif
737,charjabug,虫电宝,False,verified_header,verified_header,https://www.pkparaiso.com/imagenes/espada_escudo/sprites/animados-gigante/charjabug.gif,https://www.pkparaiso.com/imagenes/espada_escudo/sprites/animados-gigante/charjabug-s.gif
738,vikavolt,锹农炮虫,False,verified_header,verified_header,https://www.pkparaiso.com/imagenes/espada_escudo/sprites/animados-gigante/vikavolt.gif,https://www.pkparaiso.com/imagenes/espada_escudo/sprites/animados-gigante/vikavolt-s.gif
739,crabrawler,好胜蟹,False,verified_header,verified_header,https://www.pkparaiso.com/imagenes/ultra_sol_ultra_luna/sprites/animados-sinbordes-gigante/crabrawler.gif,https://www.pkparaiso.com/imagenes/ultra_sol_ultra_luna/sprites/animados-sinbordes-gigante/crabrawler-s.gif
740,crabominable,好胜毛蟹,False,verified_header,verified_header,https://www.pkparaiso.com/imagenes/ultra_sol_ultra_luna/sprites/animados-sinbordes-gigante/crabominable.gif,https://www.pkparaiso.com/imagenes/ultra_sol_ultra_luna/sprites/animados-sinbordes-gigante/crabominable-s.gif
741,oricorio-baile,花舞鸟,False,verified_header,verified_header,https://www.pkparaiso.com/imagenes/ultra_sol_ultra_luna/sprites/animados-sinbordes-gigante/oricorio.gif,https://www.pkparaiso.com/imagenes/ultra_sol_ultra_luna/sprites/animados-sinbordes-gigante/oricorio-s.gif
742,cutiefly,萌虻,False,no_mapped_index_entry,no_mapped_index_entry,,
743,ribombee,蝶结萌虻,False,no_mapped_index_entry,no_mapped_index_entry,,
744,rockruff,岩狗狗,False,verified_header,verified_header,https://www.pkparaiso.com/imagenes/espada_escudo/sprites/animados-gigante/rockruff.gif | https://www.pkparaiso.com/imagenes/ultra_sol_ultra_luna/sprites/animados-sinbordes-gigante/rockruff.gif,https://www.pkparaiso.com/imagenes/espada_escudo/sprites/animados-gigante/rockruff-s.gif | https://www.pkparaiso.com/imagenes/ultra_sol_ultra_luna/sprites/animados-sinbordes-gigante/rockruff-s.gif
745,lycanroc-midday,鬃岩狼人,False,verified_header,verified_header,https://www.pkparaiso.com/imagenes/espada_escudo/sprites/animados-gigante/lycanroc.gif | https://www.pkparaiso.com/imagenes/ultra_sol_ultra_luna/sprites/animados-sinbordes-gigante/lycanroc.gif,https://www.pkparaiso.com/imagenes/espada_escudo/sprites/animados-gigante/lycanroc-s.gif | https://www.pkparaiso.com/imagenes/ultra_sol_ultra_luna/sprites/animados-sinbordes-gigante/lycanroc-s.gif
746,wishiwashi-solo,弱丁鱼,False,verified_header,verified_header,https://www.pkparaiso.com/imagenes/espada_escudo/sprites/animados-gigante/wishiwashi.gif,https://www.pkparaiso.com/imagenes/espada_escudo/sprites/animados-gigante/wishiwashi-s.gif
747,mareanie,好坏星,False,verified_header,verified_header,https://www.pkparaiso.com/imagenes/espada_escudo/sprites/animados-gigante/mareanie.gif,https://www.pkparaiso.com/imagenes/espada_escudo/sprites/animados-gigante/mareanie-s.gif
748,toxapex,超坏星,False,verified_header,verified_header,https://www.pkparaiso.com/imagenes/espada_escudo/sprites/animados-gigante/topapex.gif | https://www.pkparaiso.com/imagenes/ultra_sol_ultra_luna/sprites/animados-sinbordes-gigante/toxapex.gif,https://www.pkparaiso.com/imagenes/espada_escudo/sprites/animados-gigante/topapex-s.gif | https://www.pkparaiso.com/imagenes/ultra_sol_ultra_luna/sprites/animados-sinbordes-gigante/toxapex-s.gif
749,mudbray,泥驴仔,False,verified_header,verified_header,https://www.pkparaiso.com/imagenes/espada_escudo/sprites/animados-gigante/mudbray.gif,https://www.pkparaiso.com/imagenes/espada_escudo/sprites/animados-gigante/mudbray-s.gif
750,mudsdale,重泥挽马,False,verified_header,verified_header,https://www.pkparaiso.com/imagenes/espada_escudo/sprites/animados-gigante/mudsdale.gif,https://www.pkparaiso.com/imagenes/espada_escudo/sprites/animados-gigante/mudsdale-s.gif
751,dewpider,滴蛛,False,verified_header,verified_header,https://www.pkparaiso.com/imagenes/espada_escudo/sprites/animados-gigante/dewpider.gif,https://www.pkparaiso.com/imagenes/espada_escudo/sprites/animados-gigante/dewpider-s.gif
752,araquanid,滴蛛霸,False,verified_header,verified_header,https://www.pkparaiso.com/imagenes/espada_escudo/sprites/animados-gigante/araquanid.gif,https://www.pkparaiso.com/imagenes/espada_escudo/sprites/animados-gigante/araquanid-s.gif
753,fomantis,伪螳草,False,verified_header,verified_header,https://www.pkparaiso.com/imagenes/ultra_sol_ultra_luna/sprites/animados-sinbordes-gigante/fomantis.gif,https://www.pkparaiso.com/imagenes/ultra_sol_ultra_luna/sprites/animados-sinbordes-gigante/fomantis-s.gif
754,lurantis,兰螳花,False,verified_header,verified_header,https://www.pkparaiso.com/imagenes/ultra_sol_ultra_luna/sprites/animados-sinbordes-gigante/lurantis.gif,https://www.pkparaiso.com/imagenes/ultra_sol_ultra_luna/sprites/animados-sinbordes-gigante/lurantis-s.gif
755,morelull,睡睡菇,False,verified_header,verified_header,https://www.pkparaiso.com/imagenes/espada_escudo/sprites/animados-gigante/morelull.gif,https://www.pkparaiso.com/imagenes/espada_escudo/sprites/animados-gigante/morelull-s.gif
756,shiinotic,灯罩夜菇,False,verified_header,verified_header,https://www.pkparaiso.com/imagenes/espada_escudo/sprites/animados-gigante/shiinotic.gif,https://www.pkparaiso.com/imagenes/espada_escudo/sprites/animados-gigante/shiinotic-s.gif
757,salandit,夜盗火蜥,False,verified_header,verified_header,https://www.pkparaiso.com/imagenes/espada_escudo/sprites/animados-gigante/salandit.gif,https://www.pkparaiso.com/imagenes/espada_escudo/sprites/animados-gigante/salandit-s.gif
758,salazzle,焰后蜥,False,verified_header,verified_header,https://www.pkparaiso.com/imagenes/espada_escudo/sprites/animados-gigante/salazzle.gif,https://www.pkparaiso.com/imagenes/espada_escudo/sprites/animados-gigante/salazzle-s.gif
759,stufful,童偶熊,False,verified_header,verified_header,https://www.pkparaiso.com/imagenes/espada_escudo/sprites/animados-gigante/stufful.gif,https://www.pkparaiso.com/imagenes/espada_escudo/sprites/animados-gigante/stufful-s.gif
760,bewear,穿着熊,False,verified_header,verified_header,https://www.pkparaiso.com/imagenes/espada_escudo/sprites/animados-gigante/bewear.gif,https://www.pkparaiso.com/imagenes/espada_escudo/sprites/animados-gigante/bewear-s.gif
761,bounsweet,甜竹竹,False,verified_header,verified_header,https://www.pkparaiso.com/imagenes/espada_escudo/sprites/animados-gigante/bounsweet.gif,https://www.pkparaiso.com/imagenes/espada_escudo/sprites/animados-gigante/bounsweet-s.gif
762,steenee,甜舞妮,False,verified_header,verified_header,https://www.pkparaiso.com/imagenes/espada_escudo/sprites/animados-gigante/steenee.gif,https://www.pkparaiso.com/imagenes/espada_escudo/sprites/animados-gigante/steenee-s.gif
763,tsareena,甜冷美后,False,verified_header,verified_header,https://www.pkparaiso.com/imagenes/espada_escudo/sprites/animados-gigante/tsareena.gif,https://www.pkparaiso.com/imagenes/espada_escudo/sprites/animados-gigante/tsareena-s.gif
764,comfey,花疗环环,False,verified_header,verified_header,https://www.pkparaiso.com/imagenes/ultra_sol_ultra_luna/sprites/animados-sinbordes-gigante/comfey.gif,https://www.pkparaiso.com/imagenes/ultra_sol_ultra_luna/sprites/animados-sinbordes-gigante/comfey-s.gif
765,oranguru,智挥猩,False,verified_header,verified_header,https://www.pkparaiso.com/imagenes/espada_escudo/sprites/animados-gigante/oranguru.gif,https://www.pkparaiso.com/imagenes/espada_escudo/sprites/animados-gigante/oranguru-s.gif
766,passimian,投掷猴,False,verified_header,verified_header,https://www.pkparaiso.com/imagenes/espada_escudo/sprites/animados-gigante/passimian.gif,https://www.pkparaiso.com/imagenes/espada_escudo/sprites/animados-gigante/passimian-s.gif
767,wimpod,胆小虫,False,verified_header,verified_header,https://www.pkparaiso.com/imagenes/espada_escudo/sprites/animados-gigante/wimpod.gif,https://www.pkparaiso.com/imagenes/espada_escudo/sprites/animados-gigante/wimpod-s.gif
768,golisopod,具甲武者,False,verified_header,verified_header,https://www.pkparaiso.com/imagenes/espada_escudo/sprites/animados-gigante/golisopod.gif,https://www.pkparaiso.com/imagenes/espada_escudo/sprites/animados-gigante/golisopod-s.gif
769,sandygast,沙丘娃,False,verified_header,verified_header,https://www.pkparaiso.com/imagenes/ultra_sol_ultra_luna/sprites/animados-sinbordes-gigante/sandygast.gif,https://www.pkparaiso.com/imagenes/ultra_sol_ultra_luna/sprites/animados-sinbordes-gigante/sandygast-s.gif
770,palossand,噬沙堡爷,False,verified_header,verified_header,https://www.pkparaiso.com/imagenes/ultra_sol_ultra_luna/sprites/animados-sinbordes-gigante/palossand.gif,https://www.pkparaiso.com/imagenes/ultra_sol_ultra_luna/sprites/animados-sinbordes-gigante/palossand-s.gif
771,pyukumuku,拳海参,False,verified_header,verified_header,https://www.pkparaiso.com/imagenes/espada_escudo/sprites/animados-gigante/pyukumuku.gif,https://www.pkparaiso.com/imagenes/espada_escudo/sprites/animados-gigante/pyukumuku-s.gif
772,type-null,属性：空,False,verified_header,verified_header,https://www.pkparaiso.com/imagenes/espada_escudo/sprites/animados-gigante/type-null.gif,https://www.pkparaiso.com/imagenes/espada_escudo/sprites/animados-gigante/type-null-s.gif
773,silvally-normal,银伴战兽,False,verified_header,verified_header,https://www.pkparaiso.com/imagenes/espada_escudo/sprites/animados-gigante/silvally.gif,https://www.pkparaiso.com/imagenes/espada_escudo/sprites/animados-gigante/silvally-s.gif
774,minior-red-meteor,小陨星,False,verified_header,verified_header,https://www.pkparaiso.com/imagenes/ultra_sol_ultra_luna/sprites/animados-sinbordes-gigante/minior.gif,https://www.pkparaiso.com/imagenes/ultra_sol_ultra_luna/sprites/animados-sinbordes-gigante/minior-s.gif
775,komala,树枕尾熊,False,verified_header,verified_header,https://www.pkparaiso.com/imagenes/ultra_sol_ultra_luna/sprites/animados-sinbordes-gigante/komala.gif,https://www.pkparaiso.com/imagenes/ultra_sol_ultra_luna/sprites/animados-sinbordes-gigante/komala-s.gif
776,turtonator,爆焰龟兽,False,verified_header,verified_header,https://www.pkparaiso.com/imagenes/espada_escudo/sprites/animados-gigante/turtonator.gif,https://www.pkparaiso.com/imagenes/espada_escudo/sprites/animados-gigante/turtonator-s.gif
777,togedemaru,托戈德玛尔,False,verified_header,verified_header,https://www.pkparaiso.com/imagenes/espada_escudo/sprites/animados-gigante/togedemaru.gif,https://www.pkparaiso.com/imagenes/espada_escudo/sprites/animados-gigante/togedemaru-s.gif
778,mimikyu-disguised,谜拟丘,False,verified_header,verified_header,https://www.pkparaiso.com/imagenes/espada_escudo/sprites/animados-gigante/mimikyu.gif,https://www.pkparaiso.com/imagenes/espada_escudo/sprites/animados-gigante/mimikyu-s.gif
779,bruxish,磨牙彩皮鱼,False,verified_header,verified_header,https://www.pkparaiso.com/imagenes/ultra_sol_ultra_luna/sprites/animados-sinbordes-gigante/bruxish.gif,https://www.pkparaiso.com/imagenes/ultra_sol_ultra_luna/sprites/animados-sinbordes-gigante/bruxish-s.gif
780,drampa,老翁龙,False,verified_header,verified_header,https://www.pkparaiso.com/imagenes/espada_escudo/sprites/animados-gigante/drampa.gif,https://www.pkparaiso.com/imagenes/espada_escudo/sprites/animados-gigante/drampa-s.gif
781,dhelmise,破破舵轮,False,verified_header,verified_header,https://www.pkparaiso.com/imagenes/espada_escudo/sprites/animados-gigante/dhelmise.gif,https://www.pkparaiso.com/imagenes/espada_escudo/sprites/animados-gigante/dhelmise-s.gif
782,jangmo-o,心鳞宝,False,verified_header,verified_header,https://www.pkparaiso.com/imagenes/espada_escudo/sprites/animados-gigante/jangmo-o.gif,https://www.pkparaiso.com/imagenes/espada_escudo/sprites/animados-gigante/jangmo-o-s.gif
783,hakamo-o,鳞甲龙,False,verified_header,verified_header,https://www.pkparaiso.com/imagenes/espada_escudo/sprites/animados-gigante/hakamo-o.gif,https://www.pkparaiso.com/imagenes/espada_escudo/sprites/animados-gigante/hakamo-o-s.gif
784,kommo-o,杖尾鳞甲龙,False,verified_header,verified_header,https://www.pkparaiso.com/imagenes/espada_escudo/sprites/animados-gigante/kommo-o.gif,https://www.pkparaiso.com/imagenes/espada_escudo/sprites/animados-gigante/kommo-o-s.gif
785,tapu-koko,卡璞・鸣鸣,False,verified_header,verified_header,https://www.pkparaiso.com/imagenes/ultra_sol_ultra_luna/sprites/animados-sinbordes-gigante/tapu-koko.gif,https://www.pkparaiso.com/imagenes/ultra_sol_ultra_luna/sprites/animados-sinbordes-gigante/tapu-koko-s.gif
786,tapu-lele,卡璞・蝶蝶,False,verified_header,verified_header,https://www.pkparaiso.com/imagenes/ultra_sol_ultra_luna/sprites/animados-sinbordes-gigante/tapu-lele.gif,https://www.pkparaiso.com/imagenes/ultra_sol_ultra_luna/sprites/animados-sinbordes-gigante/tapu-lele-s.gif
787,tapu-bulu,卡璞・哞哞,False,verified_header,verified_header,https://www.pkparaiso.com/imagenes/ultra_sol_ultra_luna/sprites/animados-sinbordes-gigante/tapu-bulu.gif,https://www.pkparaiso.com/imagenes/ultra_sol_ultra_luna/sprites/animados-sinbordes-gigante/tapu-bulu-s.gif
788,tapu-fini,卡璞・鳍鳍,False,verified_header,verified_header,https://www.pkparaiso.com/imagenes/ultra_sol_ultra_luna/sprites/animados-sinbordes-gigante/tapu-fini.gif,https://www.pkparaiso.com/imagenes/ultra_sol_ultra_luna/sprites/animados-sinbordes-gigante/tapu-fini-s.gif
789,cosmog,科斯莫古,False,verified_header,verified_header,https://www.pkparaiso.com/imagenes/espada_escudo/sprites/animados-gigante/cosmog.gif,https://www.pkparaiso.com/imagenes/espada_escudo/sprites/animados-gigante/cosmog-s.gif
790,cosmoem,科斯莫姆,False,verified_header,verified_header,https://www.pkparaiso.com/imagenes/espada_escudo/sprites/animados-gigante/cosmoem.gif,https://www.pkparaiso.com/imagenes/espada_escudo/sprites/animados-gigante/cosmoem-s.gif
791,solgaleo,索尔迦雷欧,False,verified_header,verified_header,https://www.pkparaiso.com/imagenes/espada_escudo/sprites/animados-gigante/solgaleo.gif,https://www.pkparaiso.com/imagenes/espada_escudo/sprites/animados-gigante/solgaleo-s.gif
792,lunala,露奈雅拉,False,verified_header,verified_header,https://www.pkparaiso.com/imagenes/espada_escudo/sprites/animados-gigante/lunala.gif,https://www.pkparaiso.com/imagenes/espada_escudo/sprites/animados-gigante/lunala-s.gif
793,nihilego,虚吾伊德,False,verified_header,verified_header,https://www.pkparaiso.com/imagenes/ultra_sol_ultra_luna/sprites/animados-sinbordes-gigante/nihilego.gif,https://www.pkparaiso.com/imagenes/ultra_sol_ultra_luna/sprites/animados-sinbordes-gigante/nihilego-s.gif
794,buzzwole,爆肌蚊,False,verified_header,verified_header,https://www.pkparaiso.com/imagenes/ultra_sol_ultra_luna/sprites/animados-sinbordes-gigante/buzzwole.gif,https://www.pkparaiso.com/imagenes/ultra_sol_ultra_luna/sprites/animados-sinbordes-gigante/buzzwole-s.gif
795,pheromosa,费洛美螂,False,verified_header,verified_header,https://www.pkparaiso.com/imagenes/ultra_sol_ultra_luna/sprites/animados-sinbordes-gigante/pheromosa.gif,https://www.pkparaiso.com/imagenes/ultra_sol_ultra_luna/sprites/animados-sinbordes-gigante/pheromosa-s.gif
796,xurkitree,电束木,False,verified_header,verified_header,https://www.pkparaiso.com/imagenes/ultra_sol_ultra_luna/sprites/animados-sinbordes-gigante/xurkitree.gif,https://www.pkparaiso.com/imagenes/ultra_sol_ultra_luna/sprites/animados-sinbordes-gigante/xurkitree-s.gif
797,celesteela,铁火辉夜,False,verified_header,verified_header,https://www.pkparaiso.com/imagenes/ultra_sol_ultra_luna/sprites/animados-sinbordes-gigante/celesteela.gif,https://www.pkparaiso.com/imagenes/ultra_sol_ultra_luna/sprites/animados-sinbordes-gigante/celesteela-s.gif
798,kartana,纸御剑,False,verified_header,verified_header,https://www.pkparaiso.com/imagenes/ultra_sol_ultra_luna/sprites/animados-sinbordes-gigante/kartana.gif,https://www.pkparaiso.com/imagenes/ultra_sol_ultra_luna/sprites/animados-sinbordes-gigante/kartana-s.gif
799,guzzlord,恶食大王,False,verified_header,verified_header,https://www.pkparaiso.com/imagenes/ultra_sol_ultra_luna/sprites/animados-sinbordes-gigante/guzzlord.gif,https://www.pkparaiso.com/imagenes/ultra_sol_ultra_luna/sprites/animados-sinbordes-gigante/guzzlord-s.gif
800,necrozma,奈克洛兹玛,False,verified_header,verified_header,https://www.pkparaiso.com/imagenes/espada_escudo/sprites/animados-gigante/necrozma.gif | https://www.pkparaiso.com/imagenes/ultra_sol_ultra_luna/sprites/animados-sinbordes-gigante/necrozma.gif,https://www.pkparaiso.com/imagenes/espada_escudo/sprites/animados-gigante/necrozma-s.gif | https://www.pkparaiso.com/imagenes/ultra_sol_ultra_luna/sprites/animados-sinbordes-gigante/necrozma-s.gif
801,magearna,玛机雅娜,False,verified_header,verified_header,https://www.pkparaiso.com/imagenes/espada_escudo/sprites/animados-gigante/magearna.gif | https://www.pkparaiso.com/imagenes/ultra_sol_ultra_luna/sprites/animados-sinbordes-gigante/magearna.gif,https://www.pkparaiso.com/imagenes/espada_escudo/sprites/animados-gigante/magearna-s.gif | https://www.pkparaiso.com/imagenes/ultra_sol_ultra_luna/sprites/animados-sinbordes-gigante/magearna-s.gif
802,marshadow,玛夏多,False,verified_header,verified_header,https://www.pkparaiso.com/imagenes/espada_escudo/sprites/animados-gigante/marshadow.gif | https://www.pkparaiso.com/imagenes/ultra_sol_ultra_luna/sprites/animados-sinbordes-gigante/marshadow.gif,https://www.pkparaiso.com/imagenes/espada_escudo/sprites/animados-gigante/marshadow-s.gif
803,poipole,毒贝比,False,no_mapped_index_entry,no_mapped_index_entry,,
804,naganadel,四颚针龙,False,no_mapped_index_entry,no_mapped_index_entry,,
805,stakataka,垒磊石,False,verified_header,verified_header,https://www.pkparaiso.com/imagenes/ultra_sol_ultra_luna/sprites/animados-sinbordes-gigante/stakataka.gif,https://www.pkparaiso.com/imagenes/ultra_sol_ultra_luna/sprites/animados-sinbordes-gigante/stakataka-s.gif
806,blacephalon,砰头小丑,False,verified_header,verified_header,https://www.pkparaiso.com/imagenes/ultra_sol_ultra_luna/sprites/animados-sinbordes-gigante/blacephalon.gif,https://www.pkparaiso.com/imagenes/ultra_sol_ultra_luna/sprites/animados-sinbordes-gigante/blacephalon-s.gif
807,zeraora,捷拉奥拉,False,verified_header,verified_header,https://www.pkparaiso.com/imagenes/espada_escudo/sprites/animados-gigante/zeraora.gif | https://www.pkparaiso.com/imagenes/ultra_sol_ultra_luna/sprites/animados-sinbordes-gigante/zeraora.gif,https://www.pkparaiso.com/imagenes/espada_escudo/sprites/animados-gigante/zeraora-s.gif | https://www.pkparaiso.com/imagenes/ultra_sol_ultra_luna/sprites/animados-sinbordes-gigante/zeraora-s.gif
808,meltan,美录坦,False,verified_header,verified_header,https://www.pkparaiso.com/imagenes/espada_escudo/sprites/animados-gigante/meltan.gif,https://www.pkparaiso.com/imagenes/espada_escudo/sprites/animados-gigante/meltan-s.gif
809,melmetal,美录梅塔,False,verified_header,verified_header,https://www.pkparaiso.com/imagenes/espada_escudo/sprites/animados-gigante/melmetal.gif,https://www.pkparaiso.com/imagenes/espada_escudo/sprites/animados-gigante/melmetal-s.gif
810,grookey,敲音猴,False,verified_header,verified_header,https://www.pkparaiso.com/imagenes/espada_escudo/sprites/animados-gigante/grookey.gif,https://www.pkparaiso.com/imagenes/espada_escudo/sprites/animados-gigante/grookey-s.gif
811,thwackey,啪咚猴,False,verified_header,verified_header,https://www.pkparaiso.com/imagenes/espada_escudo/sprites/animados-gigante/thwackey.gif,https://www.pkparaiso.com/imagenes/espada_escudo/sprites/animados-gigante/thwackey-s.gif
812,rillaboom,轰擂金刚猩,False,verified_header,verified_header,https://www.pkparaiso.com/imagenes/espada_escudo/sprites/animados-gigante/rillaboom.gif,https://www.pkparaiso.com/imagenes/espada_escudo/sprites/animados-gigante/rillaboom-s.gif
813,scorbunny,炎兔儿,False,verified_header,verified_header,https://www.pkparaiso.com/imagenes/espada_escudo/sprites/animados-gigante/scorbunny.gif,https://www.pkparaiso.com/imagenes/espada_escudo/sprites/animados-gigante/scorbunny-s.gif
814,raboot,腾蹴小将,False,verified_header,verified_header,https://www.pkparaiso.com/imagenes/espada_escudo/sprites/animados-gigante/raboot.gif,https://www.pkparaiso.com/imagenes/espada_escudo/sprites/animados-gigante/raboot-s.gif
815,cinderace,闪焰王牌,False,verified_header,verified_header,https://www.pkparaiso.com/imagenes/espada_escudo/sprites/animados-gigante/cinderace.gif,https://www.pkparaiso.com/imagenes/espada_escudo/sprites/animados-gigante/cinderace-s.gif
816,sobble,泪眼蜥,False,verified_header,verified_header,https://www.pkparaiso.com/imagenes/espada_escudo/sprites/animados-gigante/sobble.gif,https://www.pkparaiso.com/imagenes/espada_escudo/sprites/animados-gigante/sobble-s.gif
817,drizzile,变涩蜥,False,verified_header,verified_header,https://www.pkparaiso.com/imagenes/espada_escudo/sprites/animados-gigante/drizzile.gif,https://www.pkparaiso.com/imagenes/espada_escudo/sprites/animados-gigante/drizzile-s.gif
818,inteleon,千面避役,False,verified_header,verified_header,https://www.pkparaiso.com/imagenes/espada_escudo/sprites/animados-gigante/inteleon.gif,https://www.pkparaiso.com/imagenes/espada_escudo/sprites/animados-gigante/inteleon-s.gif
819,skwovet,贪心栗鼠,False,verified_header,verified_header,https://www.pkparaiso.com/imagenes/espada_escudo/sprites/animados-gigante/skwovet.gif,https://www.pkparaiso.com/imagenes/espada_escudo/sprites/animados-gigante/skwovet-s.gif
820,greedent,藏饱栗鼠,False,verified_header,verified_header,https://www.pkparaiso.com/imagenes/espada_escudo/sprites/animados-gigante/greedent.gif,https://www.pkparaiso.com/imagenes/espada_escudo/sprites/animados-gigante/greedent-s.gif
821,rookidee,稚山雀,False,verified_header,verified_header,https://www.pkparaiso.com/imagenes/espada_escudo/sprites/animados-gigante/rookidee.gif,https://www.pkparaiso.com/imagenes/espada_escudo/sprites/animados-gigante/rookidee-s.gif
822,corvisquire,蓝鸦,False,verified_header,verified_header,https://www.pkparaiso.com/imagenes/espada_escudo/sprites/animados-gigante/corvisquire.gif,https://www.pkparaiso.com/imagenes/espada_escudo/sprites/animados-gigante/corvisquire-s.gif
823,corviknight,钢铠鸦,False,verified_header,verified_header,https://www.pkparaiso.com/imagenes/espada_escudo/sprites/animados-gigante/corviknight.gif,https://www.pkparaiso.com/imagenes/espada_escudo/sprites/animados-gigante/corviknight-s.gif
824,blipbug,索侦虫,False,verified_header,verified_header,https://www.pkparaiso.com/imagenes/espada_escudo/sprites/animados-gigante/blipbug.gif,https://www.pkparaiso.com/imagenes/espada_escudo/sprites/animados-gigante/blipbug-s.gif
825,dottler,天罩虫,False,verified_header,verified_header,https://www.pkparaiso.com/imagenes/espada_escudo/sprites/animados-gigante/dottler.gif,https://www.pkparaiso.com/imagenes/espada_escudo/sprites/animados-gigante/dottler-s.gif
826,orbeetle,以欧路普,False,verified_header,verified_header,https://www.pkparaiso.com/imagenes/espada_escudo/sprites/animados-gigante/orbeetle.gif,https://www.pkparaiso.com/imagenes/espada_escudo/sprites/animados-gigante/orbeetle-s.gif
827,nickit,狡小狐,False,verified_header,verified_header,https://www.pkparaiso.com/imagenes/espada_escudo/sprites/animados-gigante/nickit.gif,https://www.pkparaiso.com/imagenes/espada_escudo/sprites/animados-gigante/nickit-s.gif
828,thievul,猾大狐,False,verified_header,verified_header,https://www.pkparaiso.com/imagenes/espada_escudo/sprites/animados-gigante/thievul.gif,https://www.pkparaiso.com/imagenes/espada_escudo/sprites/animados-gigante/thievul-s.gif
829,gossifleur,幼棉棉,False,verified_header,verified_header,https://www.pkparaiso.com/imagenes/espada_escudo/sprites/animados-gigante/gossifleur.gif,https://www.pkparaiso.com/imagenes/espada_escudo/sprites/animados-gigante/gossifleur-s.gif
830,eldegoss,白蓬蓬,False,verified_header,verified_header,https://www.pkparaiso.com/imagenes/espada_escudo/sprites/animados-gigante/eldegoss.gif,https://www.pkparaiso.com/imagenes/espada_escudo/sprites/animados-gigante/eldegoss-s.gif
831,wooloo,毛辫羊,False,verified_header,verified_header,https://www.pkparaiso.com/imagenes/espada_escudo/sprites/animados-gigante/wooloo.gif,https://www.pkparaiso.com/imagenes/espada_escudo/sprites/animados-gigante/wooloo-s.gif
832,dubwool,毛毛角羊,False,verified_header,verified_header,https://www.pkparaiso.com/imagenes/espada_escudo/sprites/animados-gigante/dubwool.gif,https://www.pkparaiso.com/imagenes/espada_escudo/sprites/animados-gigante/dubwool-s.gif
833,chewtle,咬咬龟,False,verified_header,verified_header,https://www.pkparaiso.com/imagenes/espada_escudo/sprites/animados-gigante/chewtle.gif,https://www.pkparaiso.com/imagenes/espada_escudo/sprites/animados-gigante/chewtle-s.gif
834,drednaw,暴噬龟,False,verified_header,verified_header,https://www.pkparaiso.com/imagenes/espada_escudo/sprites/animados-gigante/drednaw.gif,https://www.pkparaiso.com/imagenes/espada_escudo/sprites/animados-gigante/drednaw-s.gif
835,yamper,来电汪,False,verified_header,verified_header,https://www.pkparaiso.com/imagenes/espada_escudo/sprites/animados-gigante/yamper.gif,https://www.pkparaiso.com/imagenes/espada_escudo/sprites/animados-gigante/yamper-s.gif
836,boltund,逐电犬,False,verified_header,verified_header,https://www.pkparaiso.com/imagenes/espada_escudo/sprites/animados-gigante/boltund.gif,https://www.pkparaiso.com/imagenes/espada_escudo/sprites/animados-gigante/boltund-s.gif
837,rolycoly,小炭仔,False,verified_header,verified_header,https://www.pkparaiso.com/imagenes/espada_escudo/sprites/animados-gigante/rolycoly.gif,https://www.pkparaiso.com/imagenes/espada_escudo/sprites/animados-gigante/rolycoly-s.gif
838,carkol,大炭车,False,verified_header,verified_header,https://www.pkparaiso.com/imagenes/espada_escudo/sprites/animados-gigante/carkol.gif,https://www.pkparaiso.com/imagenes/espada_escudo/sprites/animados-gigante/carkol-s.gif
839,coalossal,巨炭山,False,verified_header,verified_header,https://www.pkparaiso.com/imagenes/espada_escudo/sprites/animados-gigante/coalossal.gif,https://www.pkparaiso.com/imagenes/espada_escudo/sprites/animados-gigante/coalossal-s.gif
840,applin,啃果虫,False,verified_header,verified_header,https://www.pkparaiso.com/imagenes/espada_escudo/sprites/animados-gigante/applin.gif,https://www.pkparaiso.com/imagenes/espada_escudo/sprites/animados-gigante/applin-s.gif
841,flapple,苹裹龙,False,verified_header,verified_header,https://www.pkparaiso.com/imagenes/espada_escudo/sprites/animados-gigante/flapple.gif,https://www.pkparaiso.com/imagenes/espada_escudo/sprites/animados-gigante/flapple-s.gif
842,appletun,丰蜜龙,False,verified_header,verified_header,https://www.pkparaiso.com/imagenes/espada_escudo/sprites/animados-gigante/appletun.gif,https://www.pkparaiso.com/imagenes/espada_escudo/sprites/animados-gigante/appletun-s.gif
843,silicobra,沙包蛇,False,verified_header,verified_header,https://www.pkparaiso.com/imagenes/espada_escudo/sprites/animados-gigante/silicobra.gif,https://www.pkparaiso.com/imagenes/espada_escudo/sprites/animados-gigante/silicobra-s.gif
844,sandaconda,沙螺蟒,False,verified_header,verified_header,https://www.pkparaiso.com/imagenes/espada_escudo/sprites/animados-gigante/sandaconda.gif,https://www.pkparaiso.com/imagenes/espada_escudo/sprites/animados-gigante/sandaconda-s.gif
845,cramorant,古月鸟,False,verified_header,verified_header,https://www.pkparaiso.com/imagenes/espada_escudo/sprites/animados-gigante/cramorant.gif,https://www.pkparaiso.com/imagenes/espada_escudo/sprites/animados-gigante/cramorant-s.gif
846,arrokuda,刺梭鱼,False,verified_header,verified_header,https://www.pkparaiso.com/imagenes/espada_escudo/sprites/animados-gigante/arrokuda.gif,https://www.pkparaiso.com/imagenes/espada_escudo/sprites/animados-gigante/arrokuda-s.gif
847,barraskewda,戽斗尖梭,False,verified_header,verified_header,https://www.pkparaiso.com/imagenes/espada_escudo/sprites/animados-gigante/barraskewda.gif,https://www.pkparaiso.com/imagenes/espada_escudo/sprites/animados-gigante/barraskewda-s.gif
848,toxel,电音婴,False,verified_header,verified_header,https://www.pkparaiso.com/imagenes/espada_escudo/sprites/animados-gigante/toxel.gif,https://www.pkparaiso.com/imagenes/espada_escudo/sprites/animados-gigante/toxel-s.gif
849,toxtricity-amped,颤弦蝾螈,False,verified_header,verified_header,https://www.pkparaiso.com/imagenes/espada_escudo/sprites/animados-gigante/toxtricity.gif,https://www.pkparaiso.com/imagenes/espada_escudo/sprites/animados-gigante/toxtricity-s.gif
850,sizzlipede,烧火蚣,False,verified_header,verified_header,https://www.pkparaiso.com/imagenes/espada_escudo/sprites/animados-gigante/sizzlipede.gif,https://www.pkparaiso.com/imagenes/espada_escudo/sprites/animados-gigante/sizzlipede-s.gif
851,centiskorch,焚焰蚣,False,verified_header,verified_header,https://www.pkparaiso.com/imagenes/espada_escudo/sprites/animados-gigante/centiskorch.gif,https://www.pkparaiso.com/imagenes/espada_escudo/sprites/animados-gigante/centiskorch-s.gif
852,clobbopus,拳拳蛸,False,verified_header,verified_header,https://www.pkparaiso.com/imagenes/espada_escudo/sprites/animados-gigante/clobbopus.gif,https://www.pkparaiso.com/imagenes/espada_escudo/sprites/animados-gigante/clobbopus-s.gif
853,grapploct,八爪武师,False,verified_header,verified_header,https://www.pkparaiso.com/imagenes/espada_escudo/sprites/animados-gigante/grapploct.gif,https://www.pkparaiso.com/imagenes/espada_escudo/sprites/animados-gigante/grapploct-s.gif
854,sinistea-phony,来悲茶,False,verified_header,verified_header,https://www.pkparaiso.com/imagenes/espada_escudo/sprites/animados-gigante/sinistea.gif,https://www.pkparaiso.com/imagenes/espada_escudo/sprites/animados-gigante/sinistea-s.gif
855,polteageist-phony,怖思壶,False,verified_header,verified_header,https://www.pkparaiso.com/imagenes/espada_escudo/sprites/animados-gigante/polteageist.gif,https://www.pkparaiso.com/imagenes/espada_escudo/sprites/animados-gigante/polteageist-s.gif
856,hatenna,迷布莉姆,False,verified_header,verified_header,https://www.pkparaiso.com/imagenes/espada_escudo/sprites/animados-gigante/hatenna.gif,https://www.pkparaiso.com/imagenes/espada_escudo/sprites/animados-gigante/hatenna-s.gif
857,hattrem,提布莉姆,False,verified_header,verified_header,https://www.pkparaiso.com/imagenes/espada_escudo/sprites/animados-gigante/hattrem.gif,https://www.pkparaiso.com/imagenes/espada_escudo/sprites/animados-gigante/hattrem-s.gif
858,hatterene,布莉姆温,False,verified_header,verified_header,https://www.pkparaiso.com/imagenes/espada_escudo/sprites/animados-gigante/hatterene.gif,https://www.pkparaiso.com/imagenes/espada_escudo/sprites/animados-gigante/hatterene-s.gif
859,impidimp,捣蛋小妖,False,verified_header,verified_header,https://www.pkparaiso.com/imagenes/espada_escudo/sprites/animados-gigante/impidimp.gif,https://www.pkparaiso.com/imagenes/espada_escudo/sprites/animados-gigante/impidimp-s.gif
860,morgrem,诈唬魔,False,verified_header,verified_header,https://www.pkparaiso.com/imagenes/espada_escudo/sprites/animados-gigante/morgrem.gif,https://www.pkparaiso.com/imagenes/espada_escudo/sprites/animados-gigante/morgrem-s.gif
861,grimmsnarl,长毛巨魔,False,verified_header,verified_header,https://www.pkparaiso.com/imagenes/espada_escudo/sprites/animados-gigante/grimmsnarl.gif,https://www.pkparaiso.com/imagenes/espada_escudo/sprites/animados-gigante/grimmsnarl-s.gif
862,obstagoon,堵拦熊,False,verified_header,verified_header,https://www.pkparaiso.com/imagenes/espada_escudo/sprites/animados-gigante/obstagoon.gif,https://www.pkparaiso.com/imagenes/espada_escudo/sprites/animados-gigante/obstagoon-s.gif
863,perrserker,喵头目,False,verified_header,verified_header,https://www.pkparaiso.com/imagenes/espada_escudo/sprites/animados-gigante/perrserker.gif,https://www.pkparaiso.com/imagenes/espada_escudo/sprites/animados-gigante/perrserker-s.gif
864,cursola,魔灵珊瑚,False,verified_header,verified_header,https://www.pkparaiso.com/imagenes/espada_escudo/sprites/animados-gigante/cursola.gif,https://www.pkparaiso.com/imagenes/espada_escudo/sprites/animados-gigante/cursola-s.gif
865,sirfetchd,葱游兵,False,verified_header,verified_header,https://www.pkparaiso.com/imagenes/espada_escudo/sprites/animados-gigante/sirfetchd.gif,https://www.pkparaiso.com/imagenes/espada_escudo/sprites/animados-gigante/sirfetchd-s.gif
866,mr-rime,踏冰人偶,False,verified_header,verified_header,https://www.pkparaiso.com/imagenes/espada_escudo/sprites/animados-gigante/mr._rime.gif,https://www.pkparaiso.com/imagenes/espada_escudo/sprites/animados-gigante/mr._rime-s.gif
867,runerigus,迭失板,False,verified_header,verified_header,https://www.pkparaiso.com/imagenes/espada_escudo/sprites/animados-gigante/runerigus.gif,https://www.pkparaiso.com/imagenes/espada_escudo/sprites/animados-gigante/runerigus-s.gif
868,milcery,小仙奶,False,verified_header,verified_header,https://www.pkparaiso.com/imagenes/espada_escudo/sprites/animados-gigante/milcery.gif,https://www.pkparaiso.com/imagenes/espada_escudo/sprites/animados-gigante/milcery-s.gif
869,alcremie-vanilla-cream-strawberry-sweet,霜奶仙,False,verified_header,verified_header,https://www.pkparaiso.com/imagenes/espada_escudo/sprites/animados-gigante/alcremie.gif,https://www.pkparaiso.com/imagenes/espada_escudo/sprites/animados-gigante/alcremie-s.gif
870,falinks,列阵兵,False,verified_header,verified_header,https://www.pkparaiso.com/imagenes/espada_escudo/sprites/animados-gigante/falinks.gif,https://www.pkparaiso.com/imagenes/espada_escudo/sprites/animados-gigante/falinks-s.gif
871,pincurchin,啪嚓海胆,False,verified_header,verified_header,https://www.pkparaiso.com/imagenes/espada_escudo/sprites/animados-gigante/pincurchin.gif,https://www.pkparaiso.com/imagenes/espada_escudo/sprites/animados-gigante/pincurchin-s.gif
872,snom,雪吞虫,False,verified_header,verified_header,https://www.pkparaiso.com/imagenes/espada_escudo/sprites/animados-gigante/snom.gif,https://www.pkparaiso.com/imagenes/espada_escudo/sprites/animados-gigante/snom-s.gif
873,frosmoth,雪绒蛾,False,verified_header,verified_header,https://www.pkparaiso.com/imagenes/espada_escudo/sprites/animados-gigante/frosmoth.gif,https://www.pkparaiso.com/imagenes/espada_escudo/sprites/animados-gigante/frosmoth-s.gif
874,stonjourner,巨石丁,False,verified_header,verified_header,https://www.pkparaiso.com/imagenes/espada_escudo/sprites/animados-gigante/stonjourner.gif,https://www.pkparaiso.com/imagenes/espada_escudo/sprites/animados-gigante/stonjourner-s.gif
875,eiscue-ice,冰砌鹅,False,verified_header,verified_header,https://www.pkparaiso.com/imagenes/espada_escudo/sprites/animados-gigante/eiscue.gif,https://www.pkparaiso.com/imagenes/espada_escudo/sprites/animados-gigante/eiscue-s.gif
876,indeedee-male,爱管侍,False,verified_header,verified_header,https://www.pkparaiso.com/imagenes/espada_escudo/sprites/animados-gigante/indeedee.gif,https://www.pkparaiso.com/imagenes/espada_escudo/sprites/animados-gigante/indeedee-s.gif
877,morpeko-full-belly,莫鲁贝可,False,verified_header,verified_header,https://www.pkparaiso.com/imagenes/espada_escudo/sprites/animados-gigante/morpeko.gif,https://www.pkparaiso.com/imagenes/espada_escudo/sprites/animados-gigante/morpeko-s.gif
878,cufant,铜象,False,verified_header,verified_header,https://www.pkparaiso.com/imagenes/espada_escudo/sprites/animados-gigante/cufant.gif,https://www.pkparaiso.com/imagenes/espada_escudo/sprites/animados-gigante/cufant-s.gif
879,copperajah,大王铜象,False,verified_header,verified_header,https://www.pkparaiso.com/imagenes/espada_escudo/sprites/animados-gigante/copperajah.gif,https://www.pkparaiso.com/imagenes/espada_escudo/sprites/animados-gigante/copperajah-s.gif
880,dracozolt,雷鸟龙,False,verified_header,verified_header,https://www.pkparaiso.com/imagenes/espada_escudo/sprites/animados-gigante/dracozolt.gif,https://www.pkparaiso.com/imagenes/espada_escudo/sprites/animados-gigante/dracozolt-s.gif
881,arctozolt,雷鸟海兽,False,verified_header,verified_header,https://www.pkparaiso.com/imagenes/espada_escudo/sprites/animados-gigante/arctozolt.gif,https://www.pkparaiso.com/imagenes/espada_escudo/sprites/animados-gigante/arctozolt-s.gif
882,dracovish,鳃鱼龙,False,verified_header,verified_header,https://www.pkparaiso.com/imagenes/espada_escudo/sprites/animados-gigante/dracovish.gif,https://www.pkparaiso.com/imagenes/espada_escudo/sprites/animados-gigante/dracovish-s.gif
883,arctovish,鳃鱼海兽,False,verified_header,verified_header,https://www.pkparaiso.com/imagenes/espada_escudo/sprites/animados-gigante/arctovish.gif,https://www.pkparaiso.com/imagenes/espada_escudo/sprites/animados-gigante/arctovish-s.gif
884,duraludon,铝钢龙,False,verified_header,verified_header,https://www.pkparaiso.com/imagenes/espada_escudo/sprites/animados-gigante/duraludon.gif,https://www.pkparaiso.com/imagenes/espada_escudo/sprites/animados-gigante/duraludon-s.gif
885,dreepy,多龙梅西亚,False,verified_header,verified_header,https://www.pkparaiso.com/imagenes/espada_escudo/sprites/animados-gigante/dreepy.gif,https://www.pkparaiso.com/imagenes/espada_escudo/sprites/animados-gigante/dreepy-s.gif
886,drakloak,多龙奇,False,verified_header,verified_header,https://www.pkparaiso.com/imagenes/espada_escudo/sprites/animados-gigante/drakloak.gif,https://www.pkparaiso.com/imagenes/espada_escudo/sprites/animados-gigante/drakloak-s.gif
887,dragapult,多龙巴鲁托,False,verified_header,verified_header,https://www.pkparaiso.com/imagenes/espada_escudo/sprites/animados-gigante/dragapult.gif,https://www.pkparaiso.com/imagenes/espada_escudo/sprites/animados-gigante/dragapult-s.gif
888,zacian,苍响,False,verified_header,verified_header,https://www.pkparaiso.com/imagenes/espada_escudo/sprites/animados-gigante/zacian.gif,https://www.pkparaiso.com/imagenes/espada_escudo/sprites/animados-gigante/zacian-s.gif
889,zamazenta,藏玛然特,False,verified_header,verified_header,https://www.pkparaiso.com/imagenes/espada_escudo/sprites/animados-gigante/zamazenta.gif,https://www.pkparaiso.com/imagenes/espada_escudo/sprites/animados-gigante/zamazenta-s.gif
890,eternatus,无极汰那,False,verified_header,verified_header,https://www.pkparaiso.com/imagenes/espada_escudo/sprites/animados-gigante/eternatus.gif,https://www.pkparaiso.com/imagenes/espada_escudo/sprites/animados-gigante/eternatus-s.gif
891,kubfu,熊徒弟,False,verified_header,verified_header,https://www.pkparaiso.com/imagenes/espada_escudo/sprites/animados-gigante/kubfu.gif,https://www.pkparaiso.com/imagenes/espada_escudo/sprites/animados-gigante/kubfu-s.gif
892,urshifu-single-strike,武道熊师,False,verified_header,verified_header,https://www.pkparaiso.com/imagenes/espada_escudo/sprites/animados-gigante/urshifu.gif,https://www.pkparaiso.com/imagenes/espada_escudo/sprites/animados-gigante/urshifu-s.gif
893,zarude,萨戮德,False,verified_header,verified_header,https://www.pkparaiso.com/imagenes/espada_escudo/sprites/animados-gigante/zarude.gif,https://www.pkparaiso.com/imagenes/espada_escudo/sprites/animados-gigante/zarude-s.gif
894,regieleki,雷吉艾勒奇,False,verified_header,verified_header,https://www.pkparaiso.com/imagenes/espada_escudo/sprites/animados-gigante/regieleki.gif,https://www.pkparaiso.com/imagenes/espada_escudo/sprites/animados-gigante/regieleki-s.gif
895,regidrago,雷吉铎拉戈,False,verified_header,verified_header,https://www.pkparaiso.com/imagenes/espada_escudo/sprites/animados-gigante/regidrago.gif,https://www.pkparaiso.com/imagenes/espada_escudo/sprites/animados-gigante/regidrago-s.gif
896,glastrier,雪暴马,False,verified_header,verified_header,https://www.pkparaiso.com/imagenes/espada_escudo/sprites/animados-gigante/glastrier.gif,https://www.pkparaiso.com/imagenes/espada_escudo/sprites/animados-gigante/glastrier-s.gif
897,spectrier,灵幽马,False,verified_header,verified_header,https://www.pkparaiso.com/imagenes/espada_escudo/sprites/animados-gigante/spectrier.gif,https://www.pkparaiso.com/imagenes/espada_escudo/sprites/animados-gigante/spectrier-s.gif
898,calyrex,蕾冠王,False,verified_header,verified_header,https://www.pkparaiso.com/imagenes/espada_escudo/sprites/animados-gigante/calyrex.gif,https://www.pkparaiso.com/imagenes/espada_escudo/sprites/animados-gigante/calyrex-s.gif
899,wyrdeer,诡角鹿,False,no_mapped_index_entry,no_mapped_index_entry,,
900,kleavor,劈斧螳螂,False,no_mapped_index_entry,no_mapped_index_entry,,
901,ursaluna,月月熊,False,no_mapped_index_entry,no_mapped_index_entry,,
902,basculegion-male,幽尾玄鱼,False,no_mapped_index_entry,no_mapped_index_entry,,
903,sneasler,大狃拉,False,no_mapped_index_entry,no_mapped_index_entry,,
904,overqwil,万针鱼,False,no_mapped_index_entry,no_mapped_index_entry,,
905,enamorus-incarnate,眷恋云,False,no_mapped_index_entry,no_mapped_index_entry,,
906,sprigatito,新叶喵,False,no_mapped_index_entry,no_mapped_index_entry,,
907,floragato,蒂蕾喵,False,no_mapped_index_entry,no_mapped_index_entry,,
908,meowscarada,魔幻假面喵,False,no_mapped_index_entry,no_mapped_index_entry,,
909,fuecoco,呆火鳄,False,no_mapped_index_entry,no_mapped_index_entry,,
910,crocalor,炙烫鳄,False,no_mapped_index_entry,no_mapped_index_entry,,
911,skeledirge,骨纹巨声鳄,False,no_mapped_index_entry,no_mapped_index_entry,,
912,quaxly,润水鸭,False,no_mapped_index_entry,no_mapped_index_entry,,
913,quaxwell,涌跃鸭,False,no_mapped_index_entry,no_mapped_index_entry,,
914,quaquaval,狂欢浪舞鸭,False,no_mapped_index_entry,no_mapped_index_entry,,
915,lechonk,爱吃豚,False,no_mapped_index_entry,no_mapped_index_entry,,
916,oinkologne-male,飘香豚,False,no_mapped_index_entry,no_mapped_index_entry,,
917,tarountula,团珠蛛,False,no_mapped_index_entry,no_mapped_index_entry,,
918,spidops,操陷蛛,False,no_mapped_index_entry,no_mapped_index_entry,,
919,nymble,豆蟋蟀,False,no_mapped_index_entry,no_mapped_index_entry,,
920,lokix,烈腿蝗,False,no_mapped_index_entry,no_mapped_index_entry,,
921,pawmi,布拨,False,no_mapped_index_entry,no_mapped_index_entry,,
922,pawmo,布土拨,False,no_mapped_index_entry,no_mapped_index_entry,,
923,pawmot,巴布土拨,False,no_mapped_index_entry,no_mapped_index_entry,,
924,tandemaus,一对鼠,False,no_mapped_index_entry,no_mapped_index_entry,,
925,maushold-family-of-four,一家鼠,False,no_mapped_index_entry,no_mapped_index_entry,,
926,fidough,狗仔包,False,no_mapped_index_entry,no_mapped_index_entry,,
927,dachsbun,麻花犬,False,no_mapped_index_entry,no_mapped_index_entry,,
928,smoliv,迷你芙,False,no_mapped_index_entry,no_mapped_index_entry,,
929,dolliv,奥利纽,False,no_mapped_index_entry,no_mapped_index_entry,,
930,arboliva,奥利瓦,False,no_mapped_index_entry,no_mapped_index_entry,,
931,squawkabilly-green-plumage,怒鹦哥,False,no_mapped_index_entry,no_mapped_index_entry,,
932,nacli,盐石宝,False,no_mapped_index_entry,no_mapped_index_entry,,
933,naclstack,盐石垒,False,no_mapped_index_entry,no_mapped_index_entry,,
934,garganacl,盐石巨灵,False,no_mapped_index_entry,no_mapped_index_entry,,
935,charcadet,炭小侍,False,no_mapped_index_entry,no_mapped_index_entry,,
936,armarouge,红莲铠骑,False,no_mapped_index_entry,no_mapped_index_entry,,
937,ceruledge,苍炎刃鬼,False,no_mapped_index_entry,no_mapped_index_entry,,
938,tadbulb,光蚪仔,False,no_mapped_index_entry,no_mapped_index_entry,,
939,bellibolt,电肚蛙,False,no_mapped_index_entry,no_mapped_index_entry,,
940,wattrel,电海燕,False,no_mapped_index_entry,no_mapped_index_entry,,
941,kilowattrel,大电海燕,False,no_mapped_index_entry,no_mapped_index_entry,,
942,maschiff,偶叫獒,False,no_mapped_index_entry,no_mapped_index_entry,,
943,mabosstiff,獒教父,False,no_mapped_index_entry,no_mapped_index_entry,,
944,shroodle,滋汁鼹,False,no_mapped_index_entry,no_mapped_index_entry,,
945,grafaiai,涂标客,False,no_mapped_index_entry,no_mapped_index_entry,,
946,bramblin,纳噬草,False,no_mapped_index_entry,no_mapped_index_entry,,
947,brambleghast,怖纳噬草,False,no_mapped_index_entry,no_mapped_index_entry,,
948,toedscool,原野水母,False,no_mapped_index_entry,no_mapped_index_entry,,
949,toedscruel,陆地水母,False,no_mapped_index_entry,no_mapped_index_entry,,
950,klawf,毛崖蟹,False,no_mapped_index_entry,no_mapped_index_entry,,
951,capsakid,热辣娃,False,no_mapped_index_entry,no_mapped_index_entry,,
952,scovillain,狠辣椒,False,no_mapped_index_entry,no_mapped_index_entry,,
953,rellor,虫滚泥,False,no_mapped_index_entry,no_mapped_index_entry,,
954,rabsca,虫甲圣,False,no_mapped_index_entry,no_mapped_index_entry,,
955,flittle,飘飘雏,False,no_mapped_index_entry,no_mapped_index_entry,,
956,espathra,超能艳鸵,False,no_mapped_index_entry,no_mapped_index_entry,,
957,tinkatink,小锻匠,False,no_mapped_index_entry,no_mapped_index_entry,,
958,tinkatuff,巧锻匠,False,no_mapped_index_entry,no_mapped_index_entry,,
959,tinkaton,巨锻匠,False,no_mapped_index_entry,no_mapped_index_entry,,
960,wiglett,海地鼠,False,no_mapped_index_entry,no_mapped_index_entry,,
961,wugtrio,三海地鼠,False,no_mapped_index_entry,no_mapped_index_entry,,
962,bombirdier,下石鸟,False,no_mapped_index_entry,no_mapped_index_entry,,
963,finizen,波普海豚,False,no_mapped_index_entry,no_mapped_index_entry,,
964,palafin-zero,海豚侠,False,no_mapped_index_entry,no_mapped_index_entry,,
965,varoom,噗隆隆,False,no_mapped_index_entry,no_mapped_index_entry,,
966,revavroom,普隆隆姆,False,no_mapped_index_entry,no_mapped_index_entry,,
967,cyclizar,摩托蜥,False,no_mapped_index_entry,no_mapped_index_entry,,
968,orthworm,拖拖蚓,False,no_mapped_index_entry,no_mapped_index_entry,,
969,glimmet,晶光芽,False,no_mapped_index_entry,no_mapped_index_entry,,
970,glimmora,晶光花,False,no_mapped_index_entry,no_mapped_index_entry,,
971,greavard,墓仔狗,False,no_mapped_index_entry,no_mapped_index_entry,,
972,houndstone,墓扬犬,False,no_mapped_index_entry,no_mapped_index_entry,,
973,flamigo,纏红鹤,False,no_mapped_index_entry,no_mapped_index_entry,,
974,cetoddle,走鲸,False,no_mapped_index_entry,no_mapped_index_entry,,
975,cetitan,浩大鲸,False,no_mapped_index_entry,no_mapped_index_entry,,
976,veluza,轻身鳕,False,no_mapped_index_entry,no_mapped_index_entry,,
977,dondozo,吃吼霸,False,no_mapped_index_entry,no_mapped_index_entry,,
978,tatsugiri-curly,米立龙,False,no_mapped_index_entry,no_mapped_index_entry,,
979,annihilape,弃世猴,False,no_mapped_index_entry,no_mapped_index_entry,,
980,clodsire,土王,False,no_mapped_index_entry,no_mapped_index_entry,,
981,farigiraf,奇麒麟,False,no_mapped_index_entry,no_mapped_index_entry,,
982,dudunsparce-two-segment,土龙节节,False,no_mapped_index_entry,no_mapped_index_entry,,
983,kingambit,仆刀将军,False,no_mapped_index_entry,no_mapped_index_entry,,
984,great-tusk,雄伟牙,False,no_mapped_index_entry,no_mapped_index_entry,,
985,scream-tail,吼叫尾,False,no_mapped_index_entry,no_mapped_index_entry,,
986,brute-bonnet,猛恶菇,False,no_mapped_index_entry,no_mapped_index_entry,,
987,flutter-mane,振翼发,False,no_mapped_index_entry,no_mapped_index_entry,,
988,slither-wing,爬地翅,False,no_mapped_index_entry,no_mapped_index_entry,,
989,sandy-shocks,沙铁皮,False,no_mapped_index_entry,no_mapped_index_entry,,
990,iron-treads,铁轍迹,False,no_mapped_index_entry,no_mapped_index_entry,,
991,iron-bundle,铁包袱,False,no_mapped_index_entry,no_mapped_index_entry,,
992,iron-hands,铁臂膀,False,no_mapped_index_entry,no_mapped_index_entry,,
993,iron-jugulis,铁脖颈,False,no_mapped_index_entry,no_mapped_index_entry,,
994,iron-moth,铁毒蛾,False,no_mapped_index_entry,no_mapped_index_entry,,
995,iron-thorns,铁荆棘,False,no_mapped_index_entry,no_mapped_index_entry,,
996,frigibax,凉脊龙,False,no_mapped_index_entry,no_mapped_index_entry,,
997,arctibax,冻脊龙,False,no_mapped_index_entry,no_mapped_index_entry,,
998,baxcalibur,戟脊龙,False,no_mapped_index_entry,no_mapped_index_entry,,
999,gimmighoul-chest,索财灵,False,no_mapped_index_entry,no_mapped_index_entry,,
1000,gholdengo,赛富豪,False,no_mapped_index_entry,no_mapped_index_entry,,
1001,wo-chien,古简蜗,False,no_mapped_index_entry,no_mapped_index_entry,,
1002,chien-pao,古剑豹,False,no_mapped_index_entry,no_mapped_index_entry,,
1003,ting-lu,古鼎鹿,False,no_mapped_index_entry,no_mapped_index_entry,,
1004,chi-yu,古玉鱼,False,no_mapped_index_entry,no_mapped_index_entry,,
1005,roaring-moon,轰鸣月,False,no_mapped_index_entry,no_mapped_index_entry,,
1006,iron-valiant,铁武者,False,no_mapped_index_entry,no_mapped_index_entry,,
1007,koraidon-apex-build,故勒顿,False,no_mapped_index_entry,no_mapped_index_entry,,
1008,miraidon-ultimate-mode,密勒顿,False,no_mapped_index_entry,no_mapped_index_entry,,
1009,walking-wake,波荡水,False,no_mapped_index_entry,no_mapped_index_entry,,
1010,iron-leaves,铁斑叶,False,no_mapped_index_entry,no_mapped_index_entry,,
1011,dipplin,裹蜜虫,False,no_mapped_index_entry,no_mapped_index_entry,,
1012,poltchageist-counterfeit,斯魔茶,False,no_mapped_index_entry,no_mapped_index_entry,,
1013,sinistcha-unremarkable,来悲粗茶,False,no_mapped_index_entry,no_mapped_index_entry,,
1014,okidogi,够赞狗,False,no_mapped_index_entry,no_mapped_index_entry,,
1015,munkidori,愿增猿,False,no_mapped_index_entry,no_mapped_index_entry,,
1016,fezandipiti,吉雉鸡,False,no_mapped_index_entry,no_mapped_index_entry,,
1017,ogerpon,厄诡椪,False,no_mapped_index_entry,no_mapped_index_entry,,
1018,archaludon,铝钢桥龙,False,no_mapped_index_entry,no_mapped_index_entry,,
1019,hydrapple,蜜集大蛇,False,no_mapped_index_entry,no_mapped_index_entry,,
1020,gouging-fire,破空焰,False,no_mapped_index_entry,no_mapped_index_entry,,
1021,raging-bolt,猛雷鼓,False,no_mapped_index_entry,no_mapped_index_entry,,
1022,iron-boulder,鐵磐岩,False,no_mapped_index_entry,no_mapped_index_entry,,
1023,iron-crown,鐵頭殼,False,no_mapped_index_entry,no_mapped_index_entry,,
1024,terapagos,太乐巴戈斯,False,no_mapped_index_entry,no_mapped_index_entry,,
1025,pecharunt,桃歹郎,False,no_mapped_index_entry,no_mapped_index_entry,,
3,venusaur-mega,超级妙蛙花,True,no_mapped_index_entry,no_mapped_index_entry,,
3,venusaur-gmax,妙蛙花（超极巨化）,True,verified_header,verified_header,https://www.pkparaiso.com/imagenes/espada_escudo/sprites/animados-gigante/venusaur-gigantamax.gif,https://www.pkparaiso.com/imagenes/espada_escudo/sprites/animados-gigante/venusaur-gigantamax-s.gif
6,charizard-mega-x,超级喷火龙Ｘ,True,no_mapped_index_entry,no_mapped_index_entry,,
6,charizard-mega-y,超级喷火龙Ｙ,True,no_mapped_index_entry,no_mapped_index_entry,,
6,charizard-gmax,喷火龙（超极巨化）,True,verified_header,verified_header,https://www.pkparaiso.com/imagenes/espada_escudo/sprites/animados-gigante/charizard-gigantamax-nosparks.gif | https://www.pkparaiso.com/imagenes/espada_escudo/sprites/animados-gigante/charizard-gigantamax.gif,https://www.pkparaiso.com/imagenes/espada_escudo/sprites/animados-gigante/charizard-gigantamax-nosparks-s.gif | https://www.pkparaiso.com/imagenes/espada_escudo/sprites/animados-gigante/charizard-gigantamax-s.gif
9,blastoise-mega,超级水箭龟,True,no_mapped_index_entry,no_mapped_index_entry,,
9,blastoise-gmax,水箭龟（超极巨化）,True,verified_header,verified_header,https://www.pkparaiso.com/imagenes/espada_escudo/sprites/animados-gigante/blastoise-gigantamax.gif,https://www.pkparaiso.com/imagenes/espada_escudo/sprites/animados-gigante/blastoise-gigantamax-s.gif
12,butterfree-gmax,巴大蝶（超极巨化）,True,verified_header,verified_header,https://www.pkparaiso.com/imagenes/espada_escudo/sprites/animados-gigante/butterfree-gigantamax-nosparks-nopowder.gif | https://www.pkparaiso.com/imagenes/espada_escudo/sprites/animados-gigante/butterfree-gigantamax-nosparks.gif | https://www.pkparaiso.com/imagenes/espada_escudo/sprites/animados-gigante/butterfree-gigantamax.gif,https://www.pkparaiso.com/imagenes/espada_escudo/sprites/animados-gigante/butterfree-gigantamax-nosparks-nopowder-s.gif | https://www.pkparaiso.com/imagenes/espada_escudo/sprites/animados-gigante/butterfree-gigantamax-nosparks-s.gif | https://www.pkparaiso.com/imagenes/espada_escudo/sprites/animados-gigante/butterfree-gigantamax-s.gif
15,beedrill-mega,超级大针蜂,True,no_mapped_index_entry,no_mapped_index_entry,,
18,pidgeot-mega,超级大比鸟,True,no_mapped_index_entry,no_mapped_index_entry,,
19,rattata-alola,小拉达（阿罗拉的样子）,True,no_mapped_index_entry,no_mapped_index_entry,,
20,raticate-alola,拉达（阿罗拉的样子）,True,no_mapped_index_entry,no_mapped_index_entry,,
20,raticate-totem-alola,拉达（阿罗拉的样子 · totem）,True,no_mapped_index_entry,no_mapped_index_entry,,
25,pikachu-rock-star,皮卡丘（rock star）,True,no_mapped_index_entry,no_mapped_index_entry,,
25,pikachu-belle,皮卡丘（belle）,True,no_mapped_index_entry,no_mapped_index_entry,,
25,pikachu-pop-star,皮卡丘（pop star）,True,no_mapped_index_entry,no_mapped_index_entry,,
25,pikachu-phd,皮卡丘（phd）,True,no_mapped_index_entry,no_mapped_index_entry,,
25,pikachu-libre,皮卡丘（libre）,True,no_mapped_index_entry,no_mapped_index_entry,,
25,pikachu-cosplay,皮卡丘（cosplay）,True,no_mapped_index_entry,no_mapped_index_entry,,
25,pikachu-original-cap,皮卡丘（初始帽子）,True,verified_header,no_mapped_index_entry,https://www.pkparaiso.com/imagenes/espada_escudo/sprites/animados-gigante/pikachu-originalcap.gif,
25,pikachu-hoenn-cap,皮卡丘（丰缘帽子）,True,verified_header,no_mapped_index_entry,https://www.pkparaiso.com/imagenes/espada_escudo/sprites/animados-gigante/pikachu-hoenncap.gif,
25,pikachu-sinnoh-cap,皮卡丘（神奥帽子）,True,verified_header,no_mapped_index_entry,https://www.pkparaiso.com/imagenes/espada_escudo/sprites/animados-gigante/pikachu-sinnohcap.gif,
25,pikachu-unova-cap,皮卡丘（合众帽子）,True,verified_header,no_mapped_index_entry,https://www.pkparaiso.com/imagenes/espada_escudo/sprites/animados-gigante/pikachu-unovacap.gif,
25,pikachu-kalos-cap,皮卡丘（卡洛斯帽子）,True,verified_header,no_mapped_index_entry,https://www.pkparaiso.com/imagenes/espada_escudo/sprites/animados-gigante/pikachu-kaloscap.gif,
25,pikachu-alola-cap,皮卡丘（阿罗拉帽子）,True,verified_header,no_mapped_index_entry,https://www.pkparaiso.com/imagenes/espada_escudo/sprites/animados-gigante/pikachu-alolacap.gif,
25,pikachu-partner-cap,皮卡丘（就决定是你了之帽子）,True,verified_header,no_mapped_index_entry,https://www.pkparaiso.com/imagenes/espada_escudo/sprites/animados-gigante/pikachu-partnercap.gif,
25,pikachu-starter,皮卡丘（starter）,True,no_mapped_index_entry,no_mapped_index_entry,,
25,pikachu-world-cap,皮卡丘（世界帽子）,True,verified_header,no_mapped_index_entry,https://www.pkparaiso.com/imagenes/espada_escudo/sprites/animados-gigante/pikachu-worldcap.gif,
25,pikachu-gmax,皮卡丘（超极巨化）,True,verified_header,verified_header,https://www.pkparaiso.com/imagenes/espada_escudo/sprites/animados-gigante/pikachu-gigantamax-nosparks.gif | https://www.pkparaiso.com/imagenes/espada_escudo/sprites/animados-gigante/pikachu-gigantamax.gif,https://www.pkparaiso.com/imagenes/espada_escudo/sprites/animados-gigante/pikachu-gigantamax-nosparks-s.gif | https://www.pkparaiso.com/imagenes/espada_escudo/sprites/animados-gigante/pikachu-gigantamax-s.gif
26,raichu-alola,雷丘（阿罗拉的样子）,True,verified_header,verified_header,https://www.pkparaiso.com/imagenes/espada_escudo/sprites/animados-gigante/raichu-alola.gif,https://www.pkparaiso.com/imagenes/espada_escudo/sprites/animados-gigante/raichu-alola-s.gif
26,raichu-mega-x,雷丘（超级进化X）,True,no_mapped_index_entry,no_mapped_index_entry,,
26,raichu-mega-y,雷丘（超级进化Y）,True,no_mapped_index_entry,no_mapped_index_entry,,
27,sandshrew-alola,穿山鼠（阿罗拉的样子）,True,no_mapped_index_entry,no_mapped_index_entry,,
28,sandslash-alola,穿山王（阿罗拉的样子）,True,no_mapped_index_entry,no_mapped_index_entry,,
36,clefable-mega,皮可西（超级进化）,True,no_mapped_index_entry,no_mapped_index_entry,,
37,vulpix-alola,六尾（阿罗拉的样子）,True,verified_header,verified_header,https://www.pkparaiso.com/imagenes/espada_escudo/sprites/animados-gigante/vulpix-alola.gif,https://www.pkparaiso.com/imagenes/espada_escudo/sprites/animados-gigante/vulpix-alola-s.gif
38,ninetales-alola,九尾（阿罗拉的样子）,True,verified_header,verified_header,https://www.pkparaiso.com/imagenes/espada_escudo/sprites/animados-gigante/ninetales-alola.gif,https://www.pkparaiso.com/imagenes/espada_escudo/sprites/animados-gigante/ninetales-alola-s.gif
50,diglett-alola,地鼠（阿罗拉的样子）,True,verified_header,verified_header,https://www.pkparaiso.com/imagenes/espada_escudo/sprites/animados-gigante/diglett-alola.gif,https://www.pkparaiso.com/imagenes/espada_escudo/sprites/animados-gigante/diglett-alola-s.gif
51,dugtrio-alola,三地鼠（阿罗拉的样子）,True,verified_header,verified_header,https://www.pkparaiso.com/imagenes/espada_escudo/sprites/animados-gigante/dugtrio-alola.gif,https://www.pkparaiso.com/imagenes/espada_escudo/sprites/animados-gigante/dugtrio-alola-s.gif
52,meowth-alola,喵喵（阿罗拉的样子）,True,verified_header,verified_header,https://www.pkparaiso.com/imagenes/espada_escudo/sprites/animados-gigante/meowth-alola.gif,https://www.pkparaiso.com/imagenes/espada_escudo/sprites/animados-gigante/meowth-alola-s.gif
52,meowth-galar,喵喵（伽勒尔的样子）,True,verified_header,verified_header,https://www.pkparaiso.com/imagenes/espada_escudo/sprites/animados-gigante/meowth-galar.gif,https://www.pkparaiso.com/imagenes/espada_escudo/sprites/animados-gigante/meowth-galar-s.gif
52,meowth-gmax,喵喵（超极巨化）,True,verified_header,verified_header,https://www.pkparaiso.com/imagenes/espada_escudo/sprites/animados-gigante/meowth-gigantamax-nosparks.gif | https://www.pkparaiso.com/imagenes/espada_escudo/sprites/animados-gigante/meowth-gigantamax.gif,https://www.pkparaiso.com/imagenes/espada_escudo/sprites/animados-gigante/meowth-gigantamax-nosparks-s.gif | https://www.pkparaiso.com/imagenes/espada_escudo/sprites/animados-gigante/meowth-gigantamax-s.gif
53,persian-alola,猫老大（阿罗拉的样子）,True,verified_header,verified_header,https://www.pkparaiso.com/imagenes/espada_escudo/sprites/animados-gigante/persian-alola.gif,https://www.pkparaiso.com/imagenes/espada_escudo/sprites/animados-gigante/persian-alola-s.gif
58,growlithe-hisui,卡蒂狗（洗翠的样子）,True,no_mapped_index_entry,no_mapped_index_entry,,
59,arcanine-hisui,风速狗（洗翠的样子）,True,no_mapped_index_entry,no_mapped_index_entry,,
65,alakazam-mega,超级胡地,True,no_mapped_index_entry,no_mapped_index_entry,,
68,machamp-gmax,怪力（超极巨化）,True,verified_header,verified_header,https://www.pkparaiso.com/imagenes/espada_escudo/sprites/animados-gigante/machamp-gigantamax-nosparks.gif | https://www.pkparaiso.com/imagenes/espada_escudo/sprites/animados-gigante/machamp-gigantamax.gif,https://www.pkparaiso.com/imagenes/espada_escudo/sprites/animados-gigante/machamp-gigantamax-nosparks-s.gif | https://www.pkparaiso.com/imagenes/espada_escudo/sprites/animados-gigante/machamp-gigantamax-s.gif
71,victreebel-mega,大食花（超级进化）,True,no_mapped_index_entry,no_mapped_index_entry,,
74,geodude-alola,小拳石（阿罗拉的样子）,True,no_mapped_index_entry,no_mapped_index_entry,,
75,graveler-alola,隆隆石（阿罗拉的样子）,True,no_mapped_index_entry,no_mapped_index_entry,,
76,golem-alola,隆隆岩（阿罗拉的样子）,True,no_mapped_index_entry,no_mapped_index_entry,,
77,ponyta-galar,小火马（伽勒尔的样子）,True,verified_header,verified_header,https://www.pkparaiso.com/imagenes/espada_escudo/sprites/animados-gigante/ponyta-galar.gif,https://www.pkparaiso.com/imagenes/espada_escudo/sprites/animados-gigante/ponyta-galar-s.gif
78,rapidash-galar,烈焰马（伽勒尔的样子）,True,verified_header,verified_header,https://www.pkparaiso.com/imagenes/espada_escudo/sprites/animados-gigante/rapidash-galar.gif,https://www.pkparaiso.com/imagenes/espada_escudo/sprites/animados-gigante/rapidash-galar-s.gif
79,slowpoke-galar,呆呆兽（伽勒尔的样子）,True,verified_header,verified_header,https://www.pkparaiso.com/imagenes/espada_escudo/sprites/animados-gigante/slowpoke-galar.gif,https://www.pkparaiso.com/imagenes/espada_escudo/sprites/animados-gigante/slowpoke-galar-s.gif
80,slowbro-mega,超级呆壳兽,True,no_mapped_index_entry,no_mapped_index_entry,,
80,slowbro-galar,呆壳兽（伽勒尔的样子）,True,verified_header,verified_header,https://www.pkparaiso.com/imagenes/espada_escudo/sprites/animados-gigante/slowbro-galar.gif,https://www.pkparaiso.com/imagenes/espada_escudo/sprites/animados-gigante/slowbro-galar-s.gif
83,farfetchd-galar,大葱鸭（伽勒尔的样子）,True,verified_header,verified_header,https://www.pkparaiso.com/imagenes/espada_escudo/sprites/animados-gigante/farfetchd-galar.gif,https://www.pkparaiso.com/imagenes/espada_escudo/sprites/animados-gigante/farfetchd-galar-s.gif
88,grimer-alola,臭泥（阿罗拉的样子）,True,no_mapped_index_entry,no_mapped_index_entry,,
89,muk-alola,臭臭泥（阿罗拉的样子）,True,no_mapped_index_entry,no_mapped_index_entry,,
94,gengar-mega,超级耿鬼,True,no_mapped_index_entry,no_mapped_index_entry,,
94,gengar-gmax,耿鬼（超极巨化）,True,verified_header,verified_header,https://www.pkparaiso.com/imagenes/espada_escudo/sprites/animados-gigante/gengar-gigantamax-nosparks.gif | https://www.pkparaiso.com/imagenes/espada_escudo/sprites/animados-gigante/gengar-gigantamax.gif,https://www.pkparaiso.com/imagenes/espada_escudo/sprites/animados-gigante/gengar-gigantamax-nosparks-s.gif | https://www.pkparaiso.com/imagenes/espada_escudo/sprites/animados-gigante/gengar-gigantamax-s.gif
99,kingler-gmax,巨钳蟹（超极巨化）,True,verified_header,verified_header,https://www.pkparaiso.com/imagenes/espada_escudo/sprites/animados-gigante/kingler-gigantamax-nosparks.gif | https://www.pkparaiso.com/imagenes/espada_escudo/sprites/animados-gigante/kingler-gigantamax.gif,https://www.pkparaiso.com/imagenes/espada_escudo/sprites/animados-gigante/kingler-gigantamax-nosparks-s.gif | https://www.pkparaiso.com/imagenes/espada_escudo/sprites/animados-gigante/kingler-gigantamax-s.gif
100,voltorb-hisui,霹雳电球（洗翠的样子）,True,no_mapped_index_entry,no_mapped_index_entry,,
101,electrode-hisui,顽皮雷弹（洗翠的样子）,True,no_mapped_index_entry,no_mapped_index_entry,,
103,exeggutor-alola,椰蛋树（阿罗拉的样子）,True,no_mapped_index_entry,no_mapped_index_entry,,
105,marowak-alola,嘎啦嘎啦（阿罗拉的样子）,True,no_mapped_index_entry,no_mapped_index_entry,,
105,marowak-totem,嘎啦嘎啦（totem）,True,no_mapped_index_entry,no_mapped_index_entry,,
110,weezing-galar,双弹瓦斯（伽勒尔的样子）,True,verified_header,verified_header,https://www.pkparaiso.com/imagenes/espada_escudo/sprites/animados-gigante/weezing-galar.gif,https://www.pkparaiso.com/imagenes/espada_escudo/sprites/animados-gigante/weezing-galar-s.gif
115,kangaskhan-mega,超级袋兽,True,no_mapped_index_entry,no_mapped_index_entry,,
121,starmie-mega,宝石海星（超级进化）,True,no_mapped_index_entry,no_mapped_index_entry,,
122,mr-mime-galar,魔墙人偶（伽勒尔的样子）,True,verified_header,verified_header,https://www.pkparaiso.com/imagenes/espada_escudo/sprites/animados-gigante/mr._mime-galar.gif,https://www.pkparaiso.com/imagenes/espada_escudo/sprites/animados-gigante/mr._mime-galar-s.gif
127,pinsir-mega,超级凯罗斯,True,no_mapped_index_entry,no_mapped_index_entry,,
128,tauros-paldea-combat-breed,肯泰罗（paldea combat breed）,True,no_mapped_index_entry,no_mapped_index_entry,,
128,tauros-paldea-blaze-breed,肯泰罗（paldea blaze breed）,True,no_mapped_index_entry,no_mapped_index_entry,,
128,tauros-paldea-aqua-breed,肯泰罗（paldea aqua breed）,True,no_mapped_index_entry,no_mapped_index_entry,,
130,gyarados-mega,超级暴鲤龙,True,no_mapped_index_entry,no_mapped_index_entry,,
131,lapras-gmax,拉普拉斯（超极巨化）,True,verified_header,verified_header,https://www.pkparaiso.com/imagenes/espada_escudo/sprites/animados-gigante/lapras-gigantamax-nosparks.gif | https://www.pkparaiso.com/imagenes/espada_escudo/sprites/animados-gigante/lapras-gigantamax.gif,https://www.pkparaiso.com/imagenes/espada_escudo/sprites/animados-gigante/lapras-gigantamax-nosparks-s.gif | https://www.pkparaiso.com/imagenes/espada_escudo/sprites/animados-gigante/lapras-gigantamax-s.gif
133,eevee-starter,伊布（starter）,True,no_mapped_index_entry,no_mapped_index_entry,,
133,eevee-gmax,伊布（超极巨化）,True,verified_header,verified_header,https://www.pkparaiso.com/imagenes/espada_escudo/sprites/animados-gigante/eevee-gigantamax-nosparks.gif | https://www.pkparaiso.com/imagenes/espada_escudo/sprites/animados-gigante/eevee-gigantamax.gif,https://www.pkparaiso.com/imagenes/espada_escudo/sprites/animados-gigante/eevee-gigantamax-nosparks-s.gif | https://www.pkparaiso.com/imagenes/espada_escudo/sprites/animados-gigante/eevee-gigantamax-s.gif
142,aerodactyl-mega,超级化石翼龙,True,no_mapped_index_entry,no_mapped_index_entry,,
143,snorlax-gmax,卡比兽（超极巨化）,True,verified_header,verified_header,https://www.pkparaiso.com/imagenes/espada_escudo/sprites/animados-gigante/snorlax-gigantamax-nosparks.gif | https://www.pkparaiso.com/imagenes/espada_escudo/sprites/animados-gigante/snorlax-gigantamax.gif,https://www.pkparaiso.com/imagenes/espada_escudo/sprites/animados-gigante/snorlax-gigantamax-nosparks-s.gif | https://www.pkparaiso.com/imagenes/espada_escudo/sprites/animados-gigante/snorlax-gigantamax-s.gif
144,articuno-galar,急冻鸟（伽勒尔的样子）,True,verified_header,verified_header,https://www.pkparaiso.com/imagenes/espada_escudo/sprites/animados-gigante/articuno-galar.gif,https://www.pkparaiso.com/imagenes/espada_escudo/sprites/animados-gigante/articuno-galar-s.gif
145,zapdos-galar,闪电鸟（伽勒尔的样子）,True,verified_header,verified_header,https://www.pkparaiso.com/imagenes/espada_escudo/sprites/animados-gigante/zapdos-galar.gif,https://www.pkparaiso.com/imagenes/espada_escudo/sprites/animados-gigante/zapdos-galar-s.gif
146,moltres-galar,火焰鸟（伽勒尔的样子）,True,verified_header,verified_header,https://www.pkparaiso.com/imagenes/espada_escudo/sprites/animados-gigante/moltres-galar.gif,https://www.pkparaiso.com/imagenes/espada_escudo/sprites/animados-gigante/moltres-galar-s.gif
149,dragonite-mega,快龙（超级进化）,True,no_mapped_index_entry,no_mapped_index_entry,,
150,mewtwo-mega-x,超级超梦Ｘ,True,no_mapped_index_entry,no_mapped_index_entry,,
150,mewtwo-mega-y,超级超梦Ｙ,True,no_mapped_index_entry,no_mapped_index_entry,,
154,meganium-mega,大竺葵（超级进化）,True,no_mapped_index_entry,no_mapped_index_entry,,
157,typhlosion-hisui,火暴兽（洗翠的样子）,True,no_mapped_index_entry,no_mapped_index_entry,,
160,feraligatr-mega,大力鳄（超级进化）,True,no_mapped_index_entry,no_mapped_index_entry,,
172,pichu-spiky-eared,皮丘（spiky eared）,True,no_mapped_index_entry,no_mapped_index_entry,,
181,ampharos-mega,超级电龙,True,no_mapped_index_entry,no_mapped_index_entry,,
194,wooper-paldea,乌波（帕底亚的样子）,True,no_mapped_index_entry,no_mapped_index_entry,,
199,slowking-galar,呆呆王（伽勒尔的样子）,True,verified_header,verified_header,https://www.pkparaiso.com/imagenes/espada_escudo/sprites/animados-gigante/slowking-galar.gif,https://www.pkparaiso.com/imagenes/espada_escudo/sprites/animados-gigante/slowking-galar-s.gif
201,unown-b,未知图腾（b）,True,no_mapped_index_entry,no_mapped_index_entry,,
201,unown-c,未知图腾（c）,True,no_mapped_index_entry,no_mapped_index_entry,,
201,unown-d,未知图腾（d）,True,no_mapped_index_entry,no_mapped_index_entry,,
201,unown-e,未知图腾（e）,True,no_mapped_index_entry,no_mapped_index_entry,,
201,unown-f,未知图腾（f）,True,no_mapped_index_entry,no_mapped_index_entry,,
201,unown-g,未知图腾（g）,True,no_mapped_index_entry,no_mapped_index_entry,,
201,unown-h,未知图腾（h）,True,no_mapped_index_entry,no_mapped_index_entry,,
201,unown-i,未知图腾（i）,True,no_mapped_index_entry,no_mapped_index_entry,,
201,unown-j,未知图腾（j）,True,no_mapped_index_entry,no_mapped_index_entry,,
201,unown-k,未知图腾（k）,True,no_mapped_index_entry,no_mapped_index_entry,,
201,unown-l,未知图腾（l）,True,no_mapped_index_entry,no_mapped_index_entry,,
201,unown-m,未知图腾（m）,True,no_mapped_index_entry,no_mapped_index_entry,,
201,unown-n,未知图腾（n）,True,no_mapped_index_entry,no_mapped_index_entry,,
201,unown-o,未知图腾（o）,True,no_mapped_index_entry,no_mapped_index_entry,,
201,unown-p,未知图腾（p）,True,no_mapped_index_entry,no_mapped_index_entry,,
201,unown-q,未知图腾（q）,True,no_mapped_index_entry,no_mapped_index_entry,,
201,unown-r,未知图腾（r）,True,no_mapped_index_entry,no_mapped_index_entry,,
201,unown-s,未知图腾（s）,True,no_mapped_index_entry,no_mapped_index_entry,,
201,unown-t,未知图腾（t）,True,no_mapped_index_entry,no_mapped_index_entry,,
201,unown-u,未知图腾（u）,True,no_mapped_index_entry,no_mapped_index_entry,,
201,unown-v,未知图腾（v）,True,no_mapped_index_entry,no_mapped_index_entry,,
201,unown-w,未知图腾（w）,True,no_mapped_index_entry,no_mapped_index_entry,,
201,unown-x,未知图腾（x）,True,no_mapped_index_entry,no_mapped_index_entry,,
201,unown-y,未知图腾（y）,True,no_mapped_index_entry,no_mapped_index_entry,,
201,unown-z,未知图腾（z）,True,no_mapped_index_entry,no_mapped_index_entry,,
201,unown-exclamation,未知图腾（exclamation）,True,no_mapped_index_entry,no_mapped_index_entry,,
201,unown-question,未知图腾（question）,True,no_mapped_index_entry,no_mapped_index_entry,,
208,steelix-mega,超级大钢蛇,True,no_mapped_index_entry,no_mapped_index_entry,,
211,qwilfish-hisui,千针鱼（洗翠的样子）,True,no_mapped_index_entry,no_mapped_index_entry,,
212,scizor-mega,超级巨钳螳螂,True,no_mapped_index_entry,no_mapped_index_entry,,
214,heracross-mega,超级赫拉克罗斯,True,no_mapped_index_entry,no_mapped_index_entry,,
215,sneasel-hisui,狃拉（洗翠的样子）,True,no_mapped_index_entry,no_mapped_index_entry,,
222,corsola-galar,太阳珊瑚（伽勒尔的样子）,True,verified_header,verified_header,https://www.pkparaiso.com/imagenes/espada_escudo/sprites/animados-gigante/corsola-galar.gif,https://www.pkparaiso.com/imagenes/espada_escudo/sprites/animados-gigante/corsola-galar-s.gif
227,skarmory-mega,盔甲鸟（超级进化）,True,no_mapped_index_entry,no_mapped_index_entry,,
229,houndoom-mega,超级黑鲁加,True,no_mapped_index_entry,no_mapped_index_entry,,
248,tyranitar-mega,超级班基拉斯,True,no_mapped_index_entry,no_mapped_index_entry,,
254,sceptile-mega,超级蜥蜴王,True,verified_header,verified_header,https://www.pkparaiso.com/imagenes/ultra_sol_ultra_luna/sprites/animados-sinbordes-gigante/sceptile-mega.gif,https://www.pkparaiso.com/imagenes/ultra_sol_ultra_luna/sprites/animados-sinbordes-gigante/sceptile-mega-s.gif
257,blaziken-mega,超级火焰鸡,True,verified_header,verified_header,https://www.pkparaiso.com/imagenes/ultra_sol_ultra_luna/sprites/animados-sinbordes-gigante/blaziken-mega.gif,https://www.pkparaiso.com/imagenes/ultra_sol_ultra_luna/sprites/animados-sinbordes-gigante/blaziken-mega-s.gif
260,swampert-mega,超级巨沼怪,True,verified_header,verified_header,https://www.pkparaiso.com/imagenes/ultra_sol_ultra_luna/sprites/animados-sinbordes-gigante/swampert-mega.gif,https://www.pkparaiso.com/imagenes/ultra_sol_ultra_luna/sprites/animados-sinbordes-gigante/swampert-mega-s.gif
263,zigzagoon-galar,蛇纹熊（伽勒尔的样子）,True,verified_header,verified_header,https://www.pkparaiso.com/imagenes/espada_escudo/sprites/animados-gigante/zigzagoon-galar.gif,https://www.pkparaiso.com/imagenes/espada_escudo/sprites/animados-gigante/zigzagoon-galar-s.gif
264,linoone-galar,直冲熊（伽勒尔的样子）,True,verified_header,verified_header,https://www.pkparaiso.com/imagenes/espada_escudo/sprites/animados-gigante/linoone-galar.gif,https://www.pkparaiso.com/imagenes/espada_escudo/sprites/animados-gigante/linoone-galar-s.gif
282,gardevoir-mega,超级沙奈朵,True,no_mapped_index_entry,no_mapped_index_entry,,
302,sableye-mega,超级勾魂眼,True,no_mapped_index_entry,no_mapped_index_entry,,
303,mawile-mega,超级大嘴娃,True,no_mapped_index_entry,no_mapped_index_entry,,
306,aggron-mega,超级波士可多拉,True,no_mapped_index_entry,no_mapped_index_entry,,
308,medicham-mega,超级恰雷姆,True,no_mapped_index_entry,no_mapped_index_entry,,
310,manectric-mega,超级雷电兽,True,no_mapped_index_entry,no_mapped_index_entry,,
319,sharpedo-mega,超级巨牙鲨,True,no_mapped_index_entry,no_mapped_index_entry,,
323,camerupt-mega,超级喷火驼,True,no_mapped_index_entry,no_mapped_index_entry,,
334,altaria-mega,超级七夕青鸟,True,no_mapped_index_entry,no_mapped_index_entry,,
351,castform-sunny,飘浮泡泡（太阳的样子）,True,no_mapped_index_entry,no_mapped_index_entry,,
351,castform-rainy,飘浮泡泡（雨水的样子）,True,no_mapped_index_entry,no_mapped_index_entry,,
351,castform-snowy,飘浮泡泡（雪云的样子）,True,no_mapped_index_entry,no_mapped_index_entry,,
354,banette-mega,超级诅咒娃娃,True,no_mapped_index_entry,no_mapped_index_entry,,
358,chimecho-mega,风铃铃（超级进化）,True,no_mapped_index_entry,no_mapped_index_entry,,
359,absol-mega,超级阿勃梭鲁,True,no_mapped_index_entry,no_mapped_index_entry,,
359,absol-mega-z,阿勃梭鲁（mega z）,True,no_mapped_index_entry,no_mapped_index_entry,,
362,glalie-mega,超级冰鬼护,True,no_mapped_index_entry,no_mapped_index_entry,,
373,salamence-mega,超级暴飞龙,True,no_mapped_index_entry,no_mapped_index_entry,,
376,metagross-mega,超级巨金怪,True,no_mapped_index_entry,no_mapped_index_entry,,
380,latias-mega,超级拉帝亚斯,True,no_mapped_index_entry,no_mapped_index_entry,,
381,latios-mega,超级拉帝欧斯,True,no_mapped_index_entry,no_mapped_index_entry,,
382,kyogre-primal,盖欧卡（原始回归的样子）,True,no_mapped_index_entry,no_mapped_index_entry,,
383,groudon-primal,固拉多（原始回归的样子）,True,no_mapped_index_entry,no_mapped_index_entry,,
384,rayquaza-mega,超级烈空坐,True,no_mapped_index_entry,no_mapped_index_entry,,
386,deoxys-attack,代欧奇希斯（攻击形态）,True,no_mapped_index_entry,no_mapped_index_entry,,
386,deoxys-defense,代欧奇希斯（防御形态）,True,no_mapped_index_entry,no_mapped_index_entry,,
386,deoxys-speed,代欧奇希斯（速度形态）,True,no_mapped_index_entry,no_mapped_index_entry,,
398,staraptor-mega,姆克鹰（超级进化）,True,no_mapped_index_entry,no_mapped_index_entry,,
412,burmy-sandy,结草儿（sandy）,True,no_mapped_index_entry,no_mapped_index_entry,,
412,burmy-trash,结草儿（trash）,True,no_mapped_index_entry,no_mapped_index_entry,,
413,wormadam-sandy,结草贵妇（砂土蓑衣）,True,no_mapped_index_entry,no_mapped_index_entry,,
413,wormadam-trash,结草贵妇（垃圾蓑衣）,True,no_mapped_index_entry,no_mapped_index_entry,,
414,mothim-sandy,绅士蛾（sandy）,True,no_mapped_index_entry,no_mapped_index_entry,,
414,mothim-trash,绅士蛾（trash）,True,no_mapped_index_entry,no_mapped_index_entry,,
421,cherrim-sunshine,樱花儿（晴天形态）,True,verified_header,verified_header,https://www.pkparaiso.com/imagenes/espada_escudo/sprites/animados-gigante/cherrim-sunshine.gif,https://www.pkparaiso.com/imagenes/espada_escudo/sprites/animados-gigante/cherrim-sunshine-s.gif
422,shellos-east,无壳海兔（东海）,True,verified_header,verified_header,https://www.pkparaiso.com/imagenes/espada_escudo/sprites/animados-gigante/shellos-east.gif,https://www.pkparaiso.com/imagenes/espada_escudo/sprites/animados-gigante/shellos-east-s.gif
423,gastrodon-east,海兔兽（东海）,True,verified_header,verified_header,https://www.pkparaiso.com/imagenes/espada_escudo/sprites/animados-gigante/gastrodon-east.gif,https://www.pkparaiso.com/imagenes/espada_escudo/sprites/animados-gigante/gastrodon-east-s.gif
428,lopunny-mega,超级长耳兔,True,no_mapped_index_entry,no_mapped_index_entry,,
445,garchomp-mega,超级烈咬陆鲨,True,no_mapped_index_entry,no_mapped_index_entry,,
445,garchomp-mega-z,烈咬陆鲨（mega z）,True,no_mapped_index_entry,no_mapped_index_entry,,
448,lucario-mega,超级路卡利欧,True,no_mapped_index_entry,no_mapped_index_entry,,
448,lucario-mega-z,路卡利欧（mega z）,True,no_mapped_index_entry,no_mapped_index_entry,,
460,abomasnow-mega,超级暴雪王,True,no_mapped_index_entry,no_mapped_index_entry,,
475,gallade-mega,超级艾路雷朵,True,no_mapped_index_entry,no_mapped_index_entry,,
478,froslass-mega,雪妖女（超级进化）,True,no_mapped_index_entry,no_mapped_index_entry,,
479,rotom-heat,加热洛托姆,True,verified_header,verified_header,https://www.pkparaiso.com/imagenes/espada_escudo/sprites/animados-gigante/rotom-heat.gif,https://www.pkparaiso.com/imagenes/espada_escudo/sprites/animados-gigante/rotom-heat-s.gif
479,rotom-wash,清洗洛托姆,True,verified_header,verified_header,https://www.pkparaiso.com/imagenes/espada_escudo/sprites/animados-gigante/rotom-wash.gif,https://www.pkparaiso.com/imagenes/espada_escudo/sprites/animados-gigante/rotom-wash-s.gif
479,rotom-frost,结冰洛托姆,True,verified_header,verified_header,https://www.pkparaiso.com/imagenes/espada_escudo/sprites/animados-gigante/rotom-frost.gif,https://www.pkparaiso.com/imagenes/espada_escudo/sprites/animados-gigante/rotom-frost-s.gif
479,rotom-fan,旋转洛托姆,True,verified_header,verified_header,https://www.pkparaiso.com/imagenes/espada_escudo/sprites/animados-gigante/rotom-fan.gif,https://www.pkparaiso.com/imagenes/espada_escudo/sprites/animados-gigante/rotom-fan-s.gif
479,rotom-mow,切割洛托姆,True,verified_header,verified_header,https://www.pkparaiso.com/imagenes/espada_escudo/sprites/animados-gigante/rotom-mow.gif,https://www.pkparaiso.com/imagenes/espada_escudo/sprites/animados-gigante/rotom-mow-s.gif
483,dialga-origin,帝牙卢卡（起源形态）,True,no_mapped_index_entry,no_mapped_index_entry,,
484,palkia-origin,帕路奇亚（起源形态）,True,no_mapped_index_entry,no_mapped_index_entry,,
485,heatran-mega,席多蓝恩（超级进化）,True,no_mapped_index_entry,no_mapped_index_entry,,
487,giratina-origin,骑拉帝纳（起源形态）,True,no_mapped_index_entry,no_mapped_index_entry,,
491,darkrai-mega,达克莱伊（超级进化）,True,no_mapped_index_entry,no_mapped_index_entry,,
492,shaymin-sky,谢米（天空形态）,True,no_mapped_index_entry,no_mapped_index_entry,,
493,arceus-bug,阿尔宙斯（bug）,True,no_mapped_index_entry,no_mapped_index_entry,,
493,arceus-dark,阿尔宙斯（dark）,True,no_mapped_index_entry,no_mapped_index_entry,,
493,arceus-dragon,阿尔宙斯（dragon）,True,no_mapped_index_entry,no_mapped_index_entry,,
493,arceus-electric,阿尔宙斯（electric）,True,no_mapped_index_entry,no_mapped_index_entry,,
493,arceus-fighting,阿尔宙斯（fighting）,True,no_mapped_index_entry,no_mapped_index_entry,,
493,arceus-fire,阿尔宙斯（fire）,True,no_mapped_index_entry,no_mapped_index_entry,,
493,arceus-flying,阿尔宙斯（flying）,True,no_mapped_index_entry,no_mapped_index_entry,,
493,arceus-ghost,阿尔宙斯（ghost）,True,no_mapped_index_entry,no_mapped_index_entry,,
493,arceus-grass,阿尔宙斯（grass）,True,no_mapped_index_entry,no_mapped_index_entry,,
493,arceus-ground,阿尔宙斯（ground）,True,no_mapped_index_entry,no_mapped_index_entry,,
493,arceus-ice,阿尔宙斯（ice）,True,no_mapped_index_entry,no_mapped_index_entry,,
493,arceus-poison,阿尔宙斯（poison）,True,no_mapped_index_entry,no_mapped_index_entry,,
493,arceus-psychic,阿尔宙斯（psychic）,True,no_mapped_index_entry,no_mapped_index_entry,,
493,arceus-rock,阿尔宙斯（rock）,True,no_mapped_index_entry,no_mapped_index_entry,,
493,arceus-steel,阿尔宙斯（steel）,True,no_mapped_index_entry,no_mapped_index_entry,,
493,arceus-water,阿尔宙斯（water）,True,no_mapped_index_entry,no_mapped_index_entry,,
493,arceus-unknown,阿尔宙斯（unknown）,True,no_mapped_index_entry,no_mapped_index_entry,,
493,arceus-fairy,阿尔宙斯（fairy）,True,no_mapped_index_entry,no_mapped_index_entry,,
500,emboar-mega,炎武王（超级进化）,True,no_mapped_index_entry,no_mapped_index_entry,,
503,samurott-hisui,大剑鬼（洗翠的样子）,True,no_mapped_index_entry,no_mapped_index_entry,,
530,excadrill-mega,龙头地鼠（超级进化）,True,no_mapped_index_entry,no_mapped_index_entry,,
531,audino-mega,超级差不多娃娃,True,no_mapped_index_entry,no_mapped_index_entry,,
545,scolipede-mega,蜈蚣王（超级进化）,True,no_mapped_index_entry,no_mapped_index_entry,,
549,lilligant-hisui,裙儿小姐（洗翠的样子）,True,no_mapped_index_entry,no_mapped_index_entry,,
550,basculin-blue-striped,野蛮鲈鱼（蓝条纹的样子）,True,verified_header,verified_header,https://www.pkparaiso.com/imagenes/espada_escudo/sprites/animados-gigante/basculin-blue.gif,https://www.pkparaiso.com/imagenes/espada_escudo/sprites/animados-gigante/basculin-blue-s.gif
550,basculin-white-striped,野蛮鲈鱼（white striped）,True,no_mapped_index_entry,no_mapped_index_entry,,
554,darumaka-galar,火红不倒翁（伽勒尔的样子）,True,verified_header,verified_header,https://www.pkparaiso.com/imagenes/espada_escudo/sprites/animados-gigante/darumaka-galar.gif,https://www.pkparaiso.com/imagenes/espada_escudo/sprites/animados-gigante/darumaka-galar-s.gif
555,darmanitan-zen,达摩狒狒（达摩模式）,True,verified_header,verified_header,https://www.pkparaiso.com/imagenes/espada_escudo/sprites/animados-gigante/darmanitan-zen.gif,https://www.pkparaiso.com/imagenes/espada_escudo/sprites/animados-gigante/darmanitan-zen-s.gif
555,darmanitan-galar-standard,达摩狒狒（伽勒尔的样子）,True,verified_header,verified_header,https://www.pkparaiso.com/imagenes/espada_escudo/sprites/animados-gigante/darmanitan-galar.gif,https://www.pkparaiso.com/imagenes/espada_escudo/sprites/animados-gigante/darmanitan-galar-s.gif
555,darmanitan-galar-zen,达摩狒狒（达摩模式）,True,verified_header,verified_header,https://www.pkparaiso.com/imagenes/espada_escudo/sprites/animados-gigante/darmanitan-galar-zen.gif,https://www.pkparaiso.com/imagenes/espada_escudo/sprites/animados-gigante/darmanitan-galar-zen-s.gif
560,scrafty-mega,头巾混混（超级进化）,True,no_mapped_index_entry,no_mapped_index_entry,,
562,yamask-galar,哭哭面具（伽勒尔的样子）,True,verified_header,verified_header,https://www.pkparaiso.com/imagenes/espada_escudo/sprites/animados-gigante/yamask-galar.gif,https://www.pkparaiso.com/imagenes/espada_escudo/sprites/animados-gigante/yamask-galar-s.gif
569,garbodor-gmax,灰尘山（超极巨化）,True,verified_header,verified_header,https://www.pkparaiso.com/imagenes/espada_escudo/sprites/animados-gigante/garbodor-gigantamax-nosparks.gif | https://www.pkparaiso.com/imagenes/espada_escudo/sprites/animados-gigante/garbodor-gigantamax.gif,https://www.pkparaiso.com/imagenes/espada_escudo/sprites/animados-gigante/garbodor-gigantamax-nosparks-s.gif | https://www.pkparaiso.com/imagenes/espada_escudo/sprites/animados-gigante/garbodor-gigantamax-s.gif
570,zorua-hisui,索罗亚（洗翠的样子）,True,no_mapped_index_entry,no_mapped_index_entry,,
571,zoroark-hisui,索罗亚克（洗翠的样子）,True,no_mapped_index_entry,no_mapped_index_entry,,
585,deerling-summer,四季鹿（summer）,True,no_mapped_index_entry,no_mapped_index_entry,,
585,deerling-autumn,四季鹿（autumn）,True,no_mapped_index_entry,no_mapped_index_entry,,
585,deerling-winter,四季鹿（winter）,True,no_mapped_index_entry,no_mapped_index_entry,,
586,sawsbuck-summer,萌芽鹿（summer）,True,no_mapped_index_entry,no_mapped_index_entry,,
586,sawsbuck-autumn,萌芽鹿（autumn）,True,no_mapped_index_entry,no_mapped_index_entry,,
586,sawsbuck-winter,萌芽鹿（winter）,True,no_mapped_index_entry,no_mapped_index_entry,,
592,frillish-female,轻飘飘（雌性的样子）,True,verified_header,verified_header,https://www.pkparaiso.com/imagenes/espada_escudo/sprites/animados-gigante/frillish-f.gif,https://www.pkparaiso.com/imagenes/espada_escudo/sprites/animados-gigante/frillish-f-s.gif
593,jellicent-female,胖嘟嘟（雌性的样子）,True,verified_header,verified_header,https://www.pkparaiso.com/imagenes/espada_escudo/sprites/animados-gigante/jellicent-f.gif,https://www.pkparaiso.com/imagenes/espada_escudo/sprites/animados-gigante/jellicent-f-s.gif
604,eelektross-mega,麻麻鳗鱼王（超级进化）,True,no_mapped_index_entry,no_mapped_index_entry,,
609,chandelure-mega,水晶灯火灵（超级进化）,True,no_mapped_index_entry,no_mapped_index_entry,,
618,stunfisk-galar,泥巴鱼（伽勒尔的样子）,True,verified_header,verified_header,https://www.pkparaiso.com/imagenes/espada_escudo/sprites/animados-gigante/stunfisk-galar.gif,https://www.pkparaiso.com/imagenes/espada_escudo/sprites/animados-gigante/stunfisk-galar-s.gif
623,golurk-mega,泥偶巨人（超级进化）,True,no_mapped_index_entry,no_mapped_index_entry,,
628,braviary-hisui,勇士雄鹰（洗翠的样子）,True,no_mapped_index_entry,no_mapped_index_entry,,
641,tornadus-therian,龙卷云（灵兽形态）,True,no_mapped_index_entry,no_mapped_index_entry,,
642,thundurus-therian,雷电云（灵兽形态）,True,no_mapped_index_entry,no_mapped_index_entry,,
645,landorus-therian,土地云（灵兽形态）,True,no_mapped_index_entry,no_mapped_index_entry,,
646,kyurem-black,暗黑酋雷姆,True,verified_header,verified_header,https://www.pkparaiso.com/imagenes/espada_escudo/sprites/animados-gigante/kyurem-black.gif,https://www.pkparaiso.com/imagenes/espada_escudo/sprites/animados-gigante/kyurem-black-s.gif
646,kyurem-white,焰白酋雷姆,True,verified_header,verified_header,https://www.pkparaiso.com/imagenes/espada_escudo/sprites/animados-gigante/kyurem-white.gif,https://www.pkparaiso.com/imagenes/espada_escudo/sprites/animados-gigante/kyurem-white-s.gif
647,keldeo-resolute,凯路迪欧（觉悟的样子）,True,verified_header,verified_header,https://www.pkparaiso.com/imagenes/espada_escudo/sprites/animados-gigante/keldeo-resolute.gif,https://www.pkparaiso.com/imagenes/espada_escudo/sprites/animados-gigante/keldeo-resolute-s.gif
648,meloetta-pirouette,美洛耶塔（舞步形态）,True,no_mapped_index_entry,no_mapped_index_entry,,
649,genesect-douse,盖诺赛克特（douse）,True,no_mapped_index_entry,no_mapped_index_entry,,
649,genesect-shock,盖诺赛克特（shock）,True,no_mapped_index_entry,no_mapped_index_entry,,
649,genesect-burn,盖诺赛克特（burn）,True,no_mapped_index_entry,no_mapped_index_entry,,
649,genesect-chill,盖诺赛克特（chill）,True,no_mapped_index_entry,no_mapped_index_entry,,
652,chesnaught-mega,布里卡隆（超级进化）,True,no_mapped_index_entry,no_mapped_index_entry,,
655,delphox-mega,妖火红狐（超级进化）,True,no_mapped_index_entry,no_mapped_index_entry,,
658,greninja-battle-bond,甲贺忍蛙（battle bond）,True,no_mapped_index_entry,no_mapped_index_entry,,
658,greninja-ash,小智版甲贺忍蛙,True,verified_header,no_mapped_index_entry,https://www.pkparaiso.com/imagenes/ultra_sol_ultra_luna/sprites/animados-sinbordes-gigante/greninja-ash.gif,
658,greninja-mega,甲贺忍蛙（超级进化）,True,no_mapped_index_entry,no_mapped_index_entry,,
664,scatterbug-polar,粉蝶虫（polar）,True,no_mapped_index_entry,no_mapped_index_entry,,
664,scatterbug-tundra,粉蝶虫（tundra）,True,no_mapped_index_entry,no_mapped_index_entry,,
664,scatterbug-continental,粉蝶虫（continental）,True,no_mapped_index_entry,no_mapped_index_entry,,
664,scatterbug-garden,粉蝶虫（garden）,True,no_mapped_index_entry,no_mapped_index_entry,,
664,scatterbug-elegant,粉蝶虫（elegant）,True,no_mapped_index_entry,no_mapped_index_entry,,
664,scatterbug-meadow,粉蝶虫（meadow）,True,no_mapped_index_entry,no_mapped_index_entry,,
664,scatterbug-modern,粉蝶虫（modern）,True,no_mapped_index_entry,no_mapped_index_entry,,
664,scatterbug-marine,粉蝶虫（marine）,True,no_mapped_index_entry,no_mapped_index_entry,,
664,scatterbug-archipelago,粉蝶虫（archipelago）,True,no_mapped_index_entry,no_mapped_index_entry,,
664,scatterbug-high-plains,粉蝶虫（high plains）,True,no_mapped_index_entry,no_mapped_index_entry,,
664,scatterbug-sandstorm,粉蝶虫（sandstorm）,True,no_mapped_index_entry,no_mapped_index_entry,,
664,scatterbug-river,粉蝶虫（river）,True,no_mapped_index_entry,no_mapped_index_entry,,
664,scatterbug-monsoon,粉蝶虫（monsoon）,True,no_mapped_index_entry,no_mapped_index_entry,,
664,scatterbug-savanna,粉蝶虫（savanna）,True,no_mapped_index_entry,no_mapped_index_entry,,
664,scatterbug-sun,粉蝶虫（sun）,True,no_mapped_index_entry,no_mapped_index_entry,,
664,scatterbug-ocean,粉蝶虫（ocean）,True,no_mapped_index_entry,no_mapped_index_entry,,
664,scatterbug-jungle,粉蝶虫（jungle）,True,no_mapped_index_entry,no_mapped_index_entry,,
664,scatterbug-fancy,粉蝶虫（fancy）,True,no_mapped_index_entry,no_mapped_index_entry,,
664,scatterbug-poke-ball,粉蝶虫（poke ball）,True,no_mapped_index_entry,no_mapped_index_entry,,
665,spewpa-polar,粉蝶蛹（polar）,True,no_mapped_index_entry,no_mapped_index_entry,,
665,spewpa-tundra,粉蝶蛹（tundra）,True,no_mapped_index_entry,no_mapped_index_entry,,
665,spewpa-continental,粉蝶蛹（continental）,True,no_mapped_index_entry,no_mapped_index_entry,,
665,spewpa-garden,粉蝶蛹（garden）,True,no_mapped_index_entry,no_mapped_index_entry,,
665,spewpa-elegant,粉蝶蛹（elegant）,True,no_mapped_index_entry,no_mapped_index_entry,,
665,spewpa-meadow,粉蝶蛹（meadow）,True,no_mapped_index_entry,no_mapped_index_entry,,
665,spewpa-modern,粉蝶蛹（modern）,True,no_mapped_index_entry,no_mapped_index_entry,,
665,spewpa-marine,粉蝶蛹（marine）,True,no_mapped_index_entry,no_mapped_index_entry,,
665,spewpa-archipelago,粉蝶蛹（archipelago）,True,no_mapped_index_entry,no_mapped_index_entry,,
665,spewpa-high-plains,粉蝶蛹（high plains）,True,no_mapped_index_entry,no_mapped_index_entry,,
665,spewpa-sandstorm,粉蝶蛹（sandstorm）,True,no_mapped_index_entry,no_mapped_index_entry,,
665,spewpa-river,粉蝶蛹（river）,True,no_mapped_index_entry,no_mapped_index_entry,,
665,spewpa-monsoon,粉蝶蛹（monsoon）,True,no_mapped_index_entry,no_mapped_index_entry,,
665,spewpa-savanna,粉蝶蛹（savanna）,True,no_mapped_index_entry,no_mapped_index_entry,,
665,spewpa-sun,粉蝶蛹（sun）,True,no_mapped_index_entry,no_mapped_index_entry,,
665,spewpa-ocean,粉蝶蛹（ocean）,True,no_mapped_index_entry,no_mapped_index_entry,,
665,spewpa-jungle,粉蝶蛹（jungle）,True,no_mapped_index_entry,no_mapped_index_entry,,
665,spewpa-fancy,粉蝶蛹（fancy）,True,no_mapped_index_entry,no_mapped_index_entry,,
665,spewpa-poke-ball,粉蝶蛹（poke ball）,True,no_mapped_index_entry,no_mapped_index_entry,,
666,vivillon-icy-snow,彩粉蝶（icy snow）,True,no_mapped_index_entry,no_mapped_index_entry,,
666,vivillon-polar,彩粉蝶（polar）,True,no_mapped_index_entry,no_mapped_index_entry,,
666,vivillon-tundra,彩粉蝶（tundra）,True,no_mapped_index_entry,no_mapped_index_entry,,
666,vivillon-continental,彩粉蝶（continental）,True,no_mapped_index_entry,no_mapped_index_entry,,
666,vivillon-garden,彩粉蝶（garden）,True,no_mapped_index_entry,no_mapped_index_entry,,
666,vivillon-elegant,彩粉蝶（elegant）,True,no_mapped_index_entry,no_mapped_index_entry,,
666,vivillon-modern,彩粉蝶（modern）,True,no_mapped_index_entry,no_mapped_index_entry,,
666,vivillon-marine,彩粉蝶（marine）,True,no_mapped_index_entry,no_mapped_index_entry,,
666,vivillon-archipelago,彩粉蝶（archipelago）,True,no_mapped_index_entry,no_mapped_index_entry,,
666,vivillon-high-plains,彩粉蝶（high plains）,True,no_mapped_index_entry,no_mapped_index_entry,,
666,vivillon-sandstorm,彩粉蝶（sandstorm）,True,no_mapped_index_entry,no_mapped_index_entry,,
666,vivillon-river,彩粉蝶（river）,True,no_mapped_index_entry,no_mapped_index_entry,,
666,vivillon-monsoon,彩粉蝶（monsoon）,True,no_mapped_index_entry,no_mapped_index_entry,,
666,vivillon-savanna,彩粉蝶（savanna）,True,no_mapped_index_entry,no_mapped_index_entry,,
666,vivillon-sun,彩粉蝶（sun）,True,no_mapped_index_entry,no_mapped_index_entry,,
666,vivillon-ocean,彩粉蝶（ocean）,True,no_mapped_index_entry,no_mapped_index_entry,,
666,vivillon-jungle,彩粉蝶（jungle）,True,no_mapped_index_entry,no_mapped_index_entry,,
666,vivillon-fancy,彩粉蝶（fancy）,True,no_mapped_index_entry,no_mapped_index_entry,,
666,vivillon-poke-ball,彩粉蝶（poke ball）,True,no_mapped_index_entry,no_mapped_index_entry,,
668,pyroar-female,火炎狮（雌性的样子）,True,no_mapped_index_entry,no_mapped_index_entry,,
668,pyroar-mega,火炎狮（超级进化）,True,no_mapped_index_entry,no_mapped_index_entry,,
669,flabebe-yellow,花蓓蓓（yellow）,True,no_mapped_index_entry,no_mapped_index_entry,,
669,flabebe-orange,花蓓蓓（orange）,True,no_mapped_index_entry,no_mapped_index_entry,,
669,flabebe-blue,花蓓蓓（blue）,True,no_mapped_index_entry,no_mapped_index_entry,,
669,flabebe-white,花蓓蓓（white）,True,no_mapped_index_entry,no_mapped_index_entry,,
670,floette-yellow,花叶蒂（yellow）,True,no_mapped_index_entry,no_mapped_index_entry,,
670,floette-orange,花叶蒂（orange）,True,no_mapped_index_entry,no_mapped_index_entry,,
670,floette-blue,花叶蒂（blue）,True,no_mapped_index_entry,no_mapped_index_entry,,
670,floette-white,花叶蒂（white）,True,no_mapped_index_entry,no_mapped_index_entry,,
670,floette-eternal,花叶蒂（eternal）,True,no_mapped_index_entry,no_mapped_index_entry,,
670,floette-mega,花叶蒂（超级进化）,True,no_mapped_index_entry,no_mapped_index_entry,,
671,florges-yellow,花洁夫人（yellow）,True,no_mapped_index_entry,no_mapped_index_entry,,
671,florges-orange,花洁夫人（orange）,True,no_mapped_index_entry,no_mapped_index_entry,,
671,florges-blue,花洁夫人（blue）,True,no_mapped_index_entry,no_mapped_index_entry,,
671,florges-white,花洁夫人（white）,True,no_mapped_index_entry,no_mapped_index_entry,,
676,furfrou-heart,多丽米亚（heart）,True,no_mapped_index_entry,no_mapped_index_entry,,
676,furfrou-star,多丽米亚（star）,True,no_mapped_index_entry,no_mapped_index_entry,,
676,furfrou-diamond,多丽米亚（diamond）,True,no_mapped_index_entry,no_mapped_index_entry,,
676,furfrou-debutante,多丽米亚（debutante）,True,no_mapped_index_entry,no_mapped_index_entry,,
676,furfrou-matron,多丽米亚（matron）,True,no_mapped_index_entry,no_mapped_index_entry,,
676,furfrou-dandy,多丽米亚（dandy）,True,no_mapped_index_entry,no_mapped_index_entry,,
676,furfrou-la-reine,多丽米亚（la reine）,True,no_mapped_index_entry,no_mapped_index_entry,,
676,furfrou-kabuki,多丽米亚（kabuki）,True,no_mapped_index_entry,no_mapped_index_entry,,
676,furfrou-pharaoh,多丽米亚（pharaoh）,True,no_mapped_index_entry,no_mapped_index_entry,,
678,meowstic-female,超能妙喵（雌性的样子）,True,verified_header,verified_header,https://www.pkparaiso.com/imagenes/espada_escudo/sprites/animados-gigante/meowstic-f.gif,https://www.pkparaiso.com/imagenes/espada_escudo/sprites/animados-gigante/meowstic-f-s.gif
678,meowstic-male-mega,超能妙喵（male mega）,True,no_mapped_index_entry,no_mapped_index_entry,,
678,meowstic-female-mega,超能妙喵（female mega）,True,no_mapped_index_entry,no_mapped_index_entry,,
681,aegislash-blade,坚盾剑怪（刀剑形态）,True,verified_header,verified_header,https://www.pkparaiso.com/imagenes/espada_escudo/sprites/animados-gigante/aegislash-blade.gif,https://www.pkparaiso.com/imagenes/espada_escudo/sprites/animados-gigante/aegislash-blade-s.gif
687,malamar-mega,乌贼王（超级进化）,True,no_mapped_index_entry,no_mapped_index_entry,,
689,barbaracle-mega,龟足巨铠（超级进化）,True,no_mapped_index_entry,no_mapped_index_entry,,
691,dragalge-mega,毒藻龙（超级进化）,True,no_mapped_index_entry,no_mapped_index_entry,,
701,hawlucha-mega,摔角鹰人（超级进化）,True,no_mapped_index_entry,no_mapped_index_entry,,
705,sliggoo-hisui,黏美儿（洗翠的样子）,True,no_mapped_index_entry,no_mapped_index_entry,,
706,goodra-hisui,黏美龙（洗翠的样子）,True,no_mapped_index_entry,no_mapped_index_entry,,
710,pumpkaboo-small,南瓜精（小尺寸）,True,verified_header,verified_header,https://www.pkparaiso.com/imagenes/espada_escudo/sprites/animados-gigante/pumpkaboo-small.gif,https://www.pkparaiso.com/imagenes/espada_escudo/sprites/animados-gigante/pumpkaboo-small-s.gif
710,pumpkaboo-large,南瓜精（大尺寸）,True,verified_header,verified_header,https://www.pkparaiso.com/imagenes/espada_escudo/sprites/animados-gigante/pumpkaboo-large.gif,https://www.pkparaiso.com/imagenes/espada_escudo/sprites/animados-gigante/pumpkaboo-large-s.gif
710,pumpkaboo-super,南瓜精（特大尺寸）,True,verified_header,verified_header,https://www.pkparaiso.com/imagenes/espada_escudo/sprites/animados-gigante/pumpkaboo-super.gif,https://www.pkparaiso.com/imagenes/espada_escudo/sprites/animados-gigante/pumpkaboo-super-s.gif
711,gourgeist-small,南瓜怪人（小尺寸）,True,verified_header,verified_header,https://www.pkparaiso.com/imagenes/espada_escudo/sprites/animados-gigante/gourgeist-small.gif,https://www.pkparaiso.com/imagenes/espada_escudo/sprites/animados-gigante/gourgeist-small-s.gif
711,gourgeist-large,南瓜怪人（大尺寸）,True,verified_header,verified_header,https://www.pkparaiso.com/imagenes/espada_escudo/sprites/animados-gigante/gourgeist-large.gif,https://www.pkparaiso.com/imagenes/espada_escudo/sprites/animados-gigante/gourgeist-large-s.gif
711,gourgeist-super,南瓜怪人（特大尺寸）,True,verified_header,verified_header,https://www.pkparaiso.com/imagenes/espada_escudo/sprites/animados-gigante/gourgeist-super.gif,https://www.pkparaiso.com/imagenes/espada_escudo/sprites/animados-gigante/gourgeist-super-s.gif
713,avalugg-hisui,冰岩怪（洗翠的样子）,True,no_mapped_index_entry,no_mapped_index_entry,,
716,xerneas-active,哲尔尼亚斯（活跃模式）,True,verified_header,verified_header,https://www.pkparaiso.com/imagenes/ultra_sol_ultra_luna/sprites/animados-sinbordes-gigante/xerneas-active.gif,https://www.pkparaiso.com/imagenes/ultra_sol_ultra_luna/sprites/animados-sinbordes-gigante/xerneas-active-s.gif
718,zygarde-10-power-construct,基格尔德（１０％形态）,True,no_mapped_index_entry,no_mapped_index_entry,,
718,zygarde-50-power-construct,基格尔德（５０％形态）,True,no_mapped_index_entry,no_mapped_index_entry,,
718,zygarde-complete,基格尔德（完全体形态）,True,no_mapped_index_entry,no_mapped_index_entry,,
718,zygarde-10,基格尔德（１０％形态）,True,no_mapped_index_entry,no_mapped_index_entry,,
718,zygarde-mega,基格尔德（超级进化）,True,no_mapped_index_entry,no_mapped_index_entry,,
719,diancie-mega,超级蒂安希,True,no_mapped_index_entry,no_mapped_index_entry,,
720,hoopa-unbound,解放胡帕,True,no_mapped_index_entry,no_mapped_index_entry,,
724,decidueye-hisui,狙射树枭（洗翠的样子）,True,no_mapped_index_entry,no_mapped_index_entry,,
735,gumshoos-totem,猫鼬探长（totem）,True,no_mapped_index_entry,no_mapped_index_entry,,
738,vikavolt-totem,锹农炮虫（totem）,True,no_mapped_index_entry,no_mapped_index_entry,,
740,crabominable-mega,好胜毛蟹（超级进化）,True,no_mapped_index_entry,no_mapped_index_entry,,
741,oricorio-pom-pom,花舞鸟（啪滋啪滋风格）,True,verified_header,verified_header,https://www.pkparaiso.com/imagenes/ultra_sol_ultra_luna/sprites/animados-sinbordes-gigante/oricorio-pompom.gif,https://www.pkparaiso.com/imagenes/ultra_sol_ultra_luna/sprites/animados-sinbordes-gigante/oricorio-pompom-s.gif
741,oricorio-pau,花舞鸟（呼拉呼拉风格）,True,verified_header,verified_header,https://www.pkparaiso.com/imagenes/ultra_sol_ultra_luna/sprites/animados-sinbordes-gigante/oricorio-pau.gif,https://www.pkparaiso.com/imagenes/ultra_sol_ultra_luna/sprites/animados-sinbordes-gigante/oricorio-pau-s.gif
741,oricorio-sensu,花舞鸟（轻盈轻盈风格）,True,verified_header,verified_header,https://www.pkparaiso.com/imagenes/ultra_sol_ultra_luna/sprites/animados-sinbordes-gigante/oricorio-sensu.gif,https://www.pkparaiso.com/imagenes/ultra_sol_ultra_luna/sprites/animados-sinbordes-gigante/oricorio-sensu-s.gif
743,ribombee-totem,蝶结萌虻（totem）,True,no_mapped_index_entry,no_mapped_index_entry,,
744,rockruff-own-tempo,岩狗狗（own tempo）,True,no_mapped_index_entry,no_mapped_index_entry,,
745,lycanroc-midnight,鬃岩狼人（黑夜的样子）,True,verified_header,verified_header,https://www.pkparaiso.com/imagenes/espada_escudo/sprites/animados-gigante/lycanroc-midnight.gif | https://www.pkparaiso.com/imagenes/ultra_sol_ultra_luna/sprites/animados-sinbordes-gigante/lycanroc-midnight.gif,https://www.pkparaiso.com/imagenes/espada_escudo/sprites/animados-gigante/lycanroc-midnight-s.gif | https://www.pkparaiso.com/imagenes/ultra_sol_ultra_luna/sprites/animados-sinbordes-gigante/lycanroc-midnight-s.gif
745,lycanroc-dusk,鬃岩狼人（黄昏的样子）,True,verified_header,verified_header,https://www.pkparaiso.com/imagenes/espada_escudo/sprites/animados-gigante/lycanroc-dusk.gif | https://www.pkparaiso.com/imagenes/ultra_sol_ultra_luna/sprites/animados-sinbordes-gigante/lycanroc-dusk.gif,https://www.pkparaiso.com/imagenes/espada_escudo/sprites/animados-gigante/lycanroc-dusk-s.gif | https://www.pkparaiso.com/imagenes/ultra_sol_ultra_luna/sprites/animados-sinbordes-gigante/lycanroc-dusk-s.gif
746,wishiwashi-school,弱丁鱼（鱼群的样子）,True,verified_header,verified_header,https://www.pkparaiso.com/imagenes/espada_escudo/sprites/animados-gigante/wishiwashi-school.gif,https://www.pkparaiso.com/imagenes/espada_escudo/sprites/animados-gigante/wishiwashi-school-s.gif
752,araquanid-totem,滴蛛霸（totem）,True,no_mapped_index_entry,no_mapped_index_entry,,
754,lurantis-totem,兰螳花（totem）,True,no_mapped_index_entry,no_mapped_index_entry,,
758,salazzle-totem,焰后蜥（totem）,True,no_mapped_index_entry,no_mapped_index_entry,,
768,golisopod-mega,具甲武者（超级进化）,True,no_mapped_index_entry,no_mapped_index_entry,,
773,silvally-fighting,银伴战兽（属性：战斗）,True,verified_header,verified_header,https://www.pkparaiso.com/imagenes/espada_escudo/sprites/animados-gigante/silvally-fighting.gif,https://www.pkparaiso.com/imagenes/espada_escudo/sprites/animados-gigante/silvally-fighting-s.gif
773,silvally-flying,银伴战兽（属性：飞翔）,True,no_mapped_index_entry,no_mapped_index_entry,,
773,silvally-poison,银伴战兽（属性：毒）,True,no_mapped_index_entry,no_mapped_index_entry,,
773,silvally-ground,银伴战兽（属性：大地）,True,no_mapped_index_entry,no_mapped_index_entry,,
773,silvally-rock,银伴战兽（属性：岩石）,True,no_mapped_index_entry,no_mapped_index_entry,,
773,silvally-bug,银伴战兽（属性：虫子）,True,no_mapped_index_entry,no_mapped_index_entry,,
773,silvally-ghost,银伴战兽（属性：幽灵）,True,no_mapped_index_entry,no_mapped_index_entry,,
773,silvally-steel,银伴战兽（属性：钢铁）,True,no_mapped_index_entry,no_mapped_index_entry,,
773,silvally-fire,银伴战兽（属性：火焰）,True,no_mapped_index_entry,no_mapped_index_entry,,
773,silvally-water,银伴战兽（属性：清水）,True,no_mapped_index_entry,no_mapped_index_entry,,
773,silvally-grass,银伴战兽（属性：青草）,True,no_mapped_index_entry,no_mapped_index_entry,,
773,silvally-electric,银伴战兽（属性：电子）,True,no_mapped_index_entry,no_mapped_index_entry,,
773,silvally-psychic,银伴战兽（属性：精神）,True,no_mapped_index_entry,no_mapped_index_entry,,
773,silvally-ice,银伴战兽（属性：冰雪）,True,no_mapped_index_entry,no_mapped_index_entry,,
773,silvally-dragon,银伴战兽（属性：龙）,True,no_mapped_index_entry,no_mapped_index_entry,,
773,silvally-dark,银伴战兽（属性：黑暗）,True,no_mapped_index_entry,no_mapped_index_entry,,
773,silvally-fairy,银伴战兽（属性：妖精）,True,no_mapped_index_entry,no_mapped_index_entry,,
774,minior-orange-meteor,小陨星（流星的样子）,True,no_mapped_index_entry,no_mapped_index_entry,,
774,minior-yellow-meteor,小陨星（流星的样子）,True,no_mapped_index_entry,no_mapped_index_entry,,
774,minior-green-meteor,小陨星（流星的样子）,True,no_mapped_index_entry,no_mapped_index_entry,,
774,minior-blue-meteor,小陨星（流星的样子）,True,no_mapped_index_entry,no_mapped_index_entry,,
774,minior-indigo-meteor,小陨星（流星的样子）,True,no_mapped_index_entry,no_mapped_index_entry,,
774,minior-violet-meteor,小陨星（流星的样子）,True,no_mapped_index_entry,no_mapped_index_entry,,
774,minior-red,小陨星（红色核心）,True,verified_header,verified_header,https://www.pkparaiso.com/imagenes/ultra_sol_ultra_luna/sprites/animados-sinbordes-gigante/minior-red.gif,https://www.pkparaiso.com/imagenes/ultra_sol_ultra_luna/sprites/animados-sinbordes-gigante/minior-red-s.gif
774,minior-orange,小陨星（橙色核心）,True,verified_header,no_mapped_index_entry,https://www.pkparaiso.com/imagenes/ultra_sol_ultra_luna/sprites/animados-sinbordes-gigante/minior-orange.gif,
774,minior-yellow,小陨星（黄色核心）,True,verified_header,no_mapped_index_entry,https://www.pkparaiso.com/imagenes/ultra_sol_ultra_luna/sprites/animados-sinbordes-gigante/minior-yellow.gif,
774,minior-green,小陨星（绿色核心）,True,verified_header,no_mapped_index_entry,https://www.pkparaiso.com/imagenes/ultra_sol_ultra_luna/sprites/animados-sinbordes-gigante/minior-green.gif,
774,minior-blue,小陨星（浅蓝色核心）,True,verified_header,no_mapped_index_entry,https://www.pkparaiso.com/imagenes/ultra_sol_ultra_luna/sprites/animados-sinbordes-gigante/minior-blue.gif,
774,minior-indigo,小陨星（蓝色核心）,True,verified_header,no_mapped_index_entry,https://www.pkparaiso.com/imagenes/ultra_sol_ultra_luna/sprites/animados-sinbordes-gigante/minior-indigo.gif,
774,minior-violet,小陨星（紫色核心）,True,verified_header,no_mapped_index_entry,https://www.pkparaiso.com/imagenes/ultra_sol_ultra_luna/sprites/animados-sinbordes-gigante/minior-violet.gif,
777,togedemaru-totem,托戈德玛尔（totem）,True,no_mapped_index_entry,no_mapped_index_entry,,
778,mimikyu-busted,谜拟丘（现形的样子）,True,verified_header,verified_header,https://www.pkparaiso.com/imagenes/espada_escudo/sprites/animados-gigante/mimikyu-busted.gif,https://www.pkparaiso.com/imagenes/espada_escudo/sprites/animados-gigante/mimikyu-busted-s.gif
778,mimikyu-totem-disguised,谜拟丘（totem disguised）,True,no_mapped_index_entry,no_mapped_index_entry,,
778,mimikyu-totem-busted,谜拟丘（totem busted）,True,no_mapped_index_entry,no_mapped_index_entry,,
780,drampa-mega,老翁龙（超级进化）,True,no_mapped_index_entry,no_mapped_index_entry,,
784,kommo-o-totem,杖尾鳞甲龙（totem）,True,no_mapped_index_entry,no_mapped_index_entry,,
800,necrozma-dusk,奈克洛兹玛（黄昏之鬃）,True,verified_header,verified_header,https://www.pkparaiso.com/imagenes/espada_escudo/sprites/animados-gigante/necrozma-duskmane.gif | https://www.pkparaiso.com/imagenes/ultra_sol_ultra_luna/sprites/animados-sinbordes-gigante/necrozma-duskmane.gif,https://www.pkparaiso.com/imagenes/espada_escudo/sprites/animados-gigante/necrozma-duskmane-s.gif
800,necrozma-dawn,奈克洛兹玛（拂晓之翼）,True,verified_header,verified_header,https://www.pkparaiso.com/imagenes/espada_escudo/sprites/animados-gigante/necrozma-dawnwings.gif | https://www.pkparaiso.com/imagenes/ultra_sol_ultra_luna/sprites/animados-sinbordes-gigante/necrozma-dawnwings.gif,https://www.pkparaiso.com/imagenes/espada_escudo/sprites/animados-gigante/necrozma-dawnwings-s.gif
800,necrozma-ultra,究极奈克洛兹玛,True,verified_header,no_mapped_index_entry,https://www.pkparaiso.com/imagenes/ultra_sol_ultra_luna/sprites/animados-sinbordes-gigante/necrozma-ultra.gif,
801,magearna-original,玛机雅娜（５００年前的颜色）,True,verified_header,verified_header,https://www.pkparaiso.com/imagenes/espada_escudo/sprites/animados-gigante/magearna-original.gif,https://www.pkparaiso.com/imagenes/espada_escudo/sprites/animados-gigante/magearna-original-s.gif
801,magearna-mega,玛机雅娜（超级进化）,True,no_mapped_index_entry,no_mapped_index_entry,,
801,magearna-original-mega,玛机雅娜（original mega）,True,no_mapped_index_entry,no_mapped_index_entry,,
807,zeraora-mega,捷拉奥拉（超级进化）,True,no_mapped_index_entry,no_mapped_index_entry,,
809,melmetal-gmax,美录梅塔（超极巨化）,True,verified_header,verified_header,https://www.pkparaiso.com/imagenes/espada_escudo/sprites/animados-gigante/melmetal-gigantamax-nosparks.gif | https://www.pkparaiso.com/imagenes/espada_escudo/sprites/animados-gigante/melmetal-gigantamax.gif,https://www.pkparaiso.com/imagenes/espada_escudo/sprites/animados-gigante/melmetal-gigantamax-nosparks-s.gif | https://www.pkparaiso.com/imagenes/espada_escudo/sprites/animados-gigante/melmetal-gigantamax-s.gif
812,rillaboom-gmax,轰擂金刚猩（超极巨化）,True,verified_header,verified_header,https://www.pkparaiso.com/imagenes/espada_escudo/sprites/animados-gigante/rillaboom-gigantamax.gif,https://www.pkparaiso.com/imagenes/espada_escudo/sprites/animados-gigante/rillaboom-gigantamax-s.gif
815,cinderace-gmax,闪焰王牌（超极巨化）,True,verified_header,verified_header,https://www.pkparaiso.com/imagenes/espada_escudo/sprites/animados-gigante/cinderace-gigantamax.gif,https://www.pkparaiso.com/imagenes/espada_escudo/sprites/animados-gigante/cinderace-gigantamax-s.gif
818,inteleon-gmax,千面避役（超极巨化）,True,no_mapped_index_entry,no_mapped_index_entry,,
823,corviknight-gmax,钢铠鸦（超极巨化）,True,verified_header,verified_header,https://www.pkparaiso.com/imagenes/espada_escudo/sprites/animados-gigante/corviknight-gigantamax-nosparks.gif | https://www.pkparaiso.com/imagenes/espada_escudo/sprites/animados-gigante/corviknight-gigantamax.gif,https://www.pkparaiso.com/imagenes/espada_escudo/sprites/animados-gigante/corviknight-gigantamax-nosparks-s.gif | https://www.pkparaiso.com/imagenes/espada_escudo/sprites/animados-gigante/corviknight-gigantamax-s.gif
826,orbeetle-gmax,以欧路普（超极巨化）,True,verified_header,verified_header,https://www.pkparaiso.com/imagenes/espada_escudo/sprites/animados-gigante/orbeetle-gigantamax-nosparks.gif | https://www.pkparaiso.com/imagenes/espada_escudo/sprites/animados-gigante/orbeetle-gigantamax.gif,https://www.pkparaiso.com/imagenes/espada_escudo/sprites/animados-gigante/orbeetle-gigantamax-nosparks-s.gif | https://www.pkparaiso.com/imagenes/espada_escudo/sprites/animados-gigante/orbeetle-gigantamax-s.gif
834,drednaw-gmax,暴噬龟（超极巨化）,True,verified_header,verified_header,https://www.pkparaiso.com/imagenes/espada_escudo/sprites/animados-gigante/drednaw-gigantamax-nosparks.gif | https://www.pkparaiso.com/imagenes/espada_escudo/sprites/animados-gigante/drednaw-gigantamax.gif,https://www.pkparaiso.com/imagenes/espada_escudo/sprites/animados-gigante/drednaw-gigantamax-nosparks-s.gif | https://www.pkparaiso.com/imagenes/espada_escudo/sprites/animados-gigante/drednaw-gigantamax-s.gif
839,coalossal-gmax,巨炭山（超极巨化）,True,verified_header,verified_header,https://www.pkparaiso.com/imagenes/espada_escudo/sprites/animados-gigante/coalossal-gigantamax-nosparks.gif | https://www.pkparaiso.com/imagenes/espada_escudo/sprites/animados-gigante/coalossal-gigantamax.gif,https://www.pkparaiso.com/imagenes/espada_escudo/sprites/animados-gigante/coalossal-gigantamax-nosparks-s.gif | https://www.pkparaiso.com/imagenes/espada_escudo/sprites/animados-gigante/coalossal-gigantamax-s.gif
841,flapple-gmax,苹裹龙（超极巨化）,True,verified_header,verified_header,https://www.pkparaiso.com/imagenes/espada_escudo/sprites/animados-gigante/flapple-gigantamax-nosparks.gif | https://www.pkparaiso.com/imagenes/espada_escudo/sprites/animados-gigante/flapple-gigantamax.gif,https://www.pkparaiso.com/imagenes/espada_escudo/sprites/animados-gigante/flapple-gigantamax-nosparks-s.gif | https://www.pkparaiso.com/imagenes/espada_escudo/sprites/animados-gigante/flapple-gigantamax-s.gif
842,appletun-gmax,丰蜜龙（超极巨化）,True,verified_header,verified_header,https://www.pkparaiso.com/imagenes/espada_escudo/sprites/animados-gigante/appletun-gigantamax-nosparks.gif | https://www.pkparaiso.com/imagenes/espada_escudo/sprites/animados-gigante/appletun-gigantamax.gif,https://www.pkparaiso.com/imagenes/espada_escudo/sprites/animados-gigante/appletun-gigantamax-nosparks-s.gif | https://www.pkparaiso.com/imagenes/espada_escudo/sprites/animados-gigante/appletun-gigantamax-s.gif
844,sandaconda-gmax,沙螺蟒（超极巨化）,True,verified_header,verified_header,https://www.pkparaiso.com/imagenes/espada_escudo/sprites/animados-gigante/sandaconda-gigantamax-nosparks.gif | https://www.pkparaiso.com/imagenes/espada_escudo/sprites/animados-gigante/sandaconda-gigantamax.gif,https://www.pkparaiso.com/imagenes/espada_escudo/sprites/animados-gigante/sandaconda-gigantamax-nosparks-s.gif | https://www.pkparaiso.com/imagenes/espada_escudo/sprites/animados-gigante/sandaconda-gigantamax-s.gif
845,cramorant-gulping,古月鸟（一口吞的样子）,True,verified_header,verified_header,https://www.pkparaiso.com/imagenes/espada_escudo/sprites/animados-gigante/cramorant-gulping.gif,https://www.pkparaiso.com/imagenes/espada_escudo/sprites/animados-gigante/cramorant-gulping-s.gif
845,cramorant-gorging,古月鸟（大口吞的样子）,True,verified_header,verified_header,https://www.pkparaiso.com/imagenes/espada_escudo/sprites/animados-gigante/cramorant-gorging.gif,https://www.pkparaiso.com/imagenes/espada_escudo/sprites/animados-gigante/cramorant-gorging-s.gif
849,toxtricity-low-key,颤弦蝾螈（低调的样子）,True,verified_header,verified_header,https://www.pkparaiso.com/imagenes/espada_escudo/sprites/animados-gigante/toxtricity-lowkey.gif,https://www.pkparaiso.com/imagenes/espada_escudo/sprites/animados-gigante/toxtricity-lowkey-s.gif
849,toxtricity-amped-gmax,颤弦蝾螈（amped gmax）,True,verified_header,verified_header,https://www.pkparaiso.com/imagenes/espada_escudo/sprites/animados-gigante/toxtricity-gigantamax-nosparks.gif | https://www.pkparaiso.com/imagenes/espada_escudo/sprites/animados-gigante/toxtricity-gigantamax.gif,https://www.pkparaiso.com/imagenes/espada_escudo/sprites/animados-gigante/toxtricity-gigantamax-nosparks-s.gif | https://www.pkparaiso.com/imagenes/espada_escudo/sprites/animados-gigante/toxtricity-gigantamax-s.gif
849,toxtricity-low-key-gmax,颤弦蝾螈（low key gmax）,True,verified_header,verified_header,https://www.pkparaiso.com/imagenes/espada_escudo/sprites/animados-gigante/toxtricity-gigantamax-nosparks.gif | https://www.pkparaiso.com/imagenes/espada_escudo/sprites/animados-gigante/toxtricity-gigantamax.gif,https://www.pkparaiso.com/imagenes/espada_escudo/sprites/animados-gigante/toxtricity-gigantamax-nosparks-s.gif | https://www.pkparaiso.com/imagenes/espada_escudo/sprites/animados-gigante/toxtricity-gigantamax-s.gif
851,centiskorch-gmax,焚焰蚣（超极巨化）,True,verified_header,verified_header,https://www.pkparaiso.com/imagenes/espada_escudo/sprites/animados-gigante/centiskorch-gigantamax-nosparks.gif | https://www.pkparaiso.com/imagenes/espada_escudo/sprites/animados-gigante/centiskorch-gigantamax.gif,https://www.pkparaiso.com/imagenes/espada_escudo/sprites/animados-gigante/centiskorch-gigantamax-nosparks-s.gif | https://www.pkparaiso.com/imagenes/espada_escudo/sprites/animados-gigante/centiskorch-gigantamax-s.gif
854,sinistea-antique,来悲茶（antique）,True,no_mapped_index_entry,no_mapped_index_entry,,
855,polteageist-antique,怖思壶（antique）,True,no_mapped_index_entry,no_mapped_index_entry,,
858,hatterene-gmax,布莉姆温（超极巨化）,True,verified_header,verified_header,https://www.pkparaiso.com/imagenes/espada_escudo/sprites/animados-gigante/hatterene-gigantamax-nosparks.gif | https://www.pkparaiso.com/imagenes/espada_escudo/sprites/animados-gigante/hatterene-gigantamax.gif,https://www.pkparaiso.com/imagenes/espada_escudo/sprites/animados-gigante/hatterene-gigantamax-nosparks-s.gif | https://www.pkparaiso.com/imagenes/espada_escudo/sprites/animados-gigante/hatterene-gigantamax-s.gif
861,grimmsnarl-gmax,长毛巨魔（超极巨化）,True,verified_header,verified_header,https://www.pkparaiso.com/imagenes/espada_escudo/sprites/animados-gigante/grimmsnarl-gigantamax-nosparks.gif | https://www.pkparaiso.com/imagenes/espada_escudo/sprites/animados-gigante/grimmsnarl-gigantamax.gif,https://www.pkparaiso.com/imagenes/espada_escudo/sprites/animados-gigante/grimmsnarl-gigantamax-nosparks-s.gif | https://www.pkparaiso.com/imagenes/espada_escudo/sprites/animados-gigante/grimmsnarl-gigantamax-s.gif
869,alcremie-ruby-cream-strawberry-sweet,霜奶仙（奶香红钻）,True,verified_header,verified_header,https://www.pkparaiso.com/imagenes/espada_escudo/sprites/animados-gigante/alcremie-ruby-cream-strawberry.gif,https://www.pkparaiso.com/imagenes/espada_escudo/sprites/animados-gigante/alcremie-ruby-cream-strawberry-s.gif
869,alcremie-matcha-cream-strawberry-sweet,霜奶仙（奶香抹茶）,True,verified_header,verified_header,https://www.pkparaiso.com/imagenes/espada_escudo/sprites/animados-gigante/alcremie-matcha-cream-strawberry.gif,https://www.pkparaiso.com/imagenes/espada_escudo/sprites/animados-gigante/alcremie-matcha-cream-strawberry-s.gif
869,alcremie-mint-cream-strawberry-sweet,霜奶仙（奶香薄荷）,True,verified_header,verified_header,https://www.pkparaiso.com/imagenes/espada_escudo/sprites/animados-gigante/alcremie-mint-cream-strawberry.gif,https://www.pkparaiso.com/imagenes/espada_escudo/sprites/animados-gigante/alcremie-mint-cream-strawberry-s.gif
869,alcremie-lemon-cream-strawberry-sweet,霜奶仙（奶香柠檬）,True,verified_header,verified_header,https://www.pkparaiso.com/imagenes/espada_escudo/sprites/animados-gigante/alcremie-lemon-cream-strawberry.gif,https://www.pkparaiso.com/imagenes/espada_escudo/sprites/animados-gigante/alcremie-lemon-cream-strawberry-s.gif
869,alcremie-salted-cream-strawberry-sweet,霜奶仙（奶香雪盐）,True,verified_header,verified_header,https://www.pkparaiso.com/imagenes/espada_escudo/sprites/animados-gigante/alcremie-salted-cream-strawberry.gif,https://www.pkparaiso.com/imagenes/espada_escudo/sprites/animados-gigante/alcremie-salted-cream-strawberry-s.gif
869,alcremie-ruby-swirl-strawberry-sweet,霜奶仙（红钻综合）,True,verified_header,verified_header,https://www.pkparaiso.com/imagenes/espada_escudo/sprites/animados-gigante/alcremie-ruby-swirl-strawberry.gif,https://www.pkparaiso.com/imagenes/espada_escudo/sprites/animados-gigante/alcremie-ruby-swirl-strawberry-s.gif
869,alcremie-caramel-swirl-strawberry-sweet,霜奶仙（焦糖综合）,True,verified_header,verified_header,https://www.pkparaiso.com/imagenes/espada_escudo/sprites/animados-gigante/alcremie-caramel-swirl-strawberry.gif,https://www.pkparaiso.com/imagenes/espada_escudo/sprites/animados-gigante/alcremie-caramel-swirl-strawberry-s.gif
869,alcremie-rainbow-swirl-strawberry-sweet,霜奶仙（三色综合）,True,verified_header,verified_header,https://www.pkparaiso.com/imagenes/espada_escudo/sprites/animados-gigante/alcremie-rainbow-swirl-strawberry.gif,https://www.pkparaiso.com/imagenes/espada_escudo/sprites/animados-gigante/alcremie-rainbow-swirl-strawberry-s.gif
869,alcremie-vanilla-cream-berry-sweet,霜奶仙（vanilla cream berry sweet）,True,verified_header,verified_header,https://www.pkparaiso.com/imagenes/espada_escudo/sprites/animados-gigante/alcremie-vanilla-cream-berry.gif,https://www.pkparaiso.com/imagenes/espada_escudo/sprites/animados-gigante/alcremie-vanilla-cream-berry-s.gif
869,alcremie-ruby-cream-berry-sweet,霜奶仙（ruby cream berry sweet）,True,verified_header,verified_header,https://www.pkparaiso.com/imagenes/espada_escudo/sprites/animados-gigante/alcremie-ruby-cream-berry.gif,https://www.pkparaiso.com/imagenes/espada_escudo/sprites/animados-gigante/alcremie-ruby-cream-berry-s.gif
869,alcremie-matcha-cream-berry-sweet,霜奶仙（matcha cream berry sweet）,True,verified_header,verified_header,https://www.pkparaiso.com/imagenes/espada_escudo/sprites/animados-gigante/alcremie-matcha-cream-berry.gif,https://www.pkparaiso.com/imagenes/espada_escudo/sprites/animados-gigante/alcremie-matcha-cream-berry-s.gif
869,alcremie-mint-cream-berry-sweet,霜奶仙（mint cream berry sweet）,True,verified_header,verified_header,https://www.pkparaiso.com/imagenes/espada_escudo/sprites/animados-gigante/alcremie-mint-cream-berry.gif,https://www.pkparaiso.com/imagenes/espada_escudo/sprites/animados-gigante/alcremie-mint-cream-berry-s.gif
869,alcremie-lemon-cream-berry-sweet,霜奶仙（lemon cream berry sweet）,True,verified_header,verified_header,https://www.pkparaiso.com/imagenes/espada_escudo/sprites/animados-gigante/alcremie-lemon-cream-berry.gif,https://www.pkparaiso.com/imagenes/espada_escudo/sprites/animados-gigante/alcremie-lemon-cream-berry-s.gif
869,alcremie-salted-cream-berry-sweet,霜奶仙（salted cream berry sweet）,True,verified_header,verified_header,https://www.pkparaiso.com/imagenes/espada_escudo/sprites/animados-gigante/alcremie-salted-cream-berry.gif,https://www.pkparaiso.com/imagenes/espada_escudo/sprites/animados-gigante/alcremie-salted-cream-berry-s.gif
869,alcremie-ruby-swirl-berry-sweet,霜奶仙（ruby swirl berry sweet）,True,verified_header,verified_header,https://www.pkparaiso.com/imagenes/espada_escudo/sprites/animados-gigante/alcremie-ruby-swirl-berry.gif,https://www.pkparaiso.com/imagenes/espada_escudo/sprites/animados-gigante/alcremie-ruby-swirl-berry-s.gif
869,alcremie-caramel-swirl-berry-sweet,霜奶仙（caramel swirl berry sweet）,True,verified_header,verified_header,https://www.pkparaiso.com/imagenes/espada_escudo/sprites/animados-gigante/alcremie-caramel-swirl-berry.gif,https://www.pkparaiso.com/imagenes/espada_escudo/sprites/animados-gigante/alcremie-caramel-swirl-berry-s.gif
869,alcremie-rainbow-swirl-berry-sweet,霜奶仙（rainbow swirl berry sweet）,True,verified_header,verified_header,https://www.pkparaiso.com/imagenes/espada_escudo/sprites/animados-gigante/alcremie-rainbow-swirl-berry.gif,https://www.pkparaiso.com/imagenes/espada_escudo/sprites/animados-gigante/alcremie-rainbow-swirl-berry-s.gif
869,alcremie-vanilla-cream-love-sweet,霜奶仙（vanilla cream love sweet）,True,verified_header,verified_header,https://www.pkparaiso.com/imagenes/espada_escudo/sprites/animados-gigante/alcremie-vanilla-cream-love.gif,https://www.pkparaiso.com/imagenes/espada_escudo/sprites/animados-gigante/alcremie-vanilla-cream-love-s.gif
869,alcremie-ruby-cream-love-sweet,霜奶仙（ruby cream love sweet）,True,verified_header,verified_header,https://www.pkparaiso.com/imagenes/espada_escudo/sprites/animados-gigante/alcremie-ruby-cream-love.gif,https://www.pkparaiso.com/imagenes/espada_escudo/sprites/animados-gigante/alcremie-ruby-cream-love-s.gif
869,alcremie-matcha-cream-love-sweet,霜奶仙（matcha cream love sweet）,True,verified_header,verified_header,https://www.pkparaiso.com/imagenes/espada_escudo/sprites/animados-gigante/alcremie-matcha-cream-love.gif,https://www.pkparaiso.com/imagenes/espada_escudo/sprites/animados-gigante/alcremie-matcha-cream-love-s.gif
869,alcremie-mint-cream-love-sweet,霜奶仙（mint cream love sweet）,True,verified_header,verified_header,https://www.pkparaiso.com/imagenes/espada_escudo/sprites/animados-gigante/alcremie-mint-cream-love.gif,https://www.pkparaiso.com/imagenes/espada_escudo/sprites/animados-gigante/alcremie-mint-cream-love-s.gif
869,alcremie-lemon-cream-love-sweet,霜奶仙（lemon cream love sweet）,True,verified_header,verified_header,https://www.pkparaiso.com/imagenes/espada_escudo/sprites/animados-gigante/alcremie-lemon-cream-love.gif,https://www.pkparaiso.com/imagenes/espada_escudo/sprites/animados-gigante/alcremie-lemon-cream-love-s.gif
869,alcremie-salted-cream-love-sweet,霜奶仙（salted cream love sweet）,True,verified_header,verified_header,https://www.pkparaiso.com/imagenes/espada_escudo/sprites/animados-gigante/alcremie-salted-cream-love.gif,https://www.pkparaiso.com/imagenes/espada_escudo/sprites/animados-gigante/alcremie-salted-cream-love-s.gif
869,alcremie-ruby-swirl-love-sweet,霜奶仙（ruby swirl love sweet）,True,verified_header,verified_header,https://www.pkparaiso.com/imagenes/espada_escudo/sprites/animados-gigante/alcremie-ruby-swirl-love.gif,https://www.pkparaiso.com/imagenes/espada_escudo/sprites/animados-gigante/alcremie-ruby-swirl-love-s.gif
869,alcremie-caramel-swirl-love-sweet,霜奶仙（caramel swirl love sweet）,True,verified_header,verified_header,https://www.pkparaiso.com/imagenes/espada_escudo/sprites/animados-gigante/alcremie-caramel-swirl-love.gif,https://www.pkparaiso.com/imagenes/espada_escudo/sprites/animados-gigante/alcremie-caramel-swirl-love-s.gif
869,alcremie-rainbow-swirl-love-sweet,霜奶仙（rainbow swirl love sweet）,True,verified_header,verified_header,https://www.pkparaiso.com/imagenes/espada_escudo/sprites/animados-gigante/alcremie-rainbow-swirl-love.gif,https://www.pkparaiso.com/imagenes/espada_escudo/sprites/animados-gigante/alcremie-rainbow-swirl-love-s.gif
869,alcremie-vanilla-cream-star-sweet,霜奶仙（vanilla cream star sweet）,True,verified_header,verified_header,https://www.pkparaiso.com/imagenes/espada_escudo/sprites/animados-gigante/alcremie-vanilla-cream-star.gif,https://www.pkparaiso.com/imagenes/espada_escudo/sprites/animados-gigante/alcremie-vanilla-cream-star-s.gif
869,alcremie-ruby-cream-star-sweet,霜奶仙（ruby cream star sweet）,True,verified_header,verified_header,https://www.pkparaiso.com/imagenes/espada_escudo/sprites/animados-gigante/alcremie-ruby-cream-star.gif,https://www.pkparaiso.com/imagenes/espada_escudo/sprites/animados-gigante/alcremie-ruby-cream-star-s.gif
869,alcremie-matcha-cream-star-sweet,霜奶仙（matcha cream star sweet）,True,verified_header,verified_header,https://www.pkparaiso.com/imagenes/espada_escudo/sprites/animados-gigante/alcremie-matcha-cream-star.gif,https://www.pkparaiso.com/imagenes/espada_escudo/sprites/animados-gigante/alcremie-matcha-cream-star-s.gif
869,alcremie-mint-cream-star-sweet,霜奶仙（mint cream star sweet）,True,verified_header,verified_header,https://www.pkparaiso.com/imagenes/espada_escudo/sprites/animados-gigante/alcremie-mint-cream-star.gif,https://www.pkparaiso.com/imagenes/espada_escudo/sprites/animados-gigante/alcremie-mint-cream-star-s.gif
869,alcremie-lemon-cream-star-sweet,霜奶仙（lemon cream star sweet）,True,verified_header,verified_header,https://www.pkparaiso.com/imagenes/espada_escudo/sprites/animados-gigante/alcremie-lemon-cream-star.gif,https://www.pkparaiso.com/imagenes/espada_escudo/sprites/animados-gigante/alcremie-lemon-cream-star-s.gif
869,alcremie-salted-cream-star-sweet,霜奶仙（salted cream star sweet）,True,verified_header,verified_header,https://www.pkparaiso.com/imagenes/espada_escudo/sprites/animados-gigante/alcremie-salted-cream-star.gif,https://www.pkparaiso.com/imagenes/espada_escudo/sprites/animados-gigante/alcremie-salted-cream-star-s.gif
869,alcremie-ruby-swirl-star-sweet,霜奶仙（ruby swirl star sweet）,True,verified_header,verified_header,https://www.pkparaiso.com/imagenes/espada_escudo/sprites/animados-gigante/alcremie-ruby-swirl-star.gif,https://www.pkparaiso.com/imagenes/espada_escudo/sprites/animados-gigante/alcremie-ruby-swirl-star-s.gif
869,alcremie-caramel-swirl-star-sweet,霜奶仙（caramel swirl star sweet）,True,verified_header,verified_header,https://www.pkparaiso.com/imagenes/espada_escudo/sprites/animados-gigante/alcremie-caramel-swirl-star.gif,https://www.pkparaiso.com/imagenes/espada_escudo/sprites/animados-gigante/alcremie-caramel-swirl-star-s.gif
869,alcremie-rainbow-swirl-star-sweet,霜奶仙（rainbow swirl star sweet）,True,verified_header,verified_header,https://www.pkparaiso.com/imagenes/espada_escudo/sprites/animados-gigante/alcremie-rainbow-swirl-star.gif,https://www.pkparaiso.com/imagenes/espada_escudo/sprites/animados-gigante/alcremie-rainbow-swirl-star-s.gif
869,alcremie-vanilla-cream-clover-sweet,霜奶仙（vanilla cream clover sweet）,True,verified_header,verified_header,https://www.pkparaiso.com/imagenes/espada_escudo/sprites/animados-gigante/alcremie-vanilla-cream-clover.gif,https://www.pkparaiso.com/imagenes/espada_escudo/sprites/animados-gigante/alcremie-vanilla-cream-clover-s.gif
869,alcremie-ruby-cream-clover-sweet,霜奶仙（ruby cream clover sweet）,True,verified_header,verified_header,https://www.pkparaiso.com/imagenes/espada_escudo/sprites/animados-gigante/alcremie-ruby-cream-clover.gif,https://www.pkparaiso.com/imagenes/espada_escudo/sprites/animados-gigante/alcremie-ruby-cream-clover-s.gif
869,alcremie-matcha-cream-clover-sweet,霜奶仙（matcha cream clover sweet）,True,verified_header,verified_header,https://www.pkparaiso.com/imagenes/espada_escudo/sprites/animados-gigante/alcremie-matcha-cream-clover.gif,https://www.pkparaiso.com/imagenes/espada_escudo/sprites/animados-gigante/alcremie-matcha-cream-clover-s.gif
869,alcremie-mint-cream-clover-sweet,霜奶仙（mint cream clover sweet）,True,verified_header,verified_header,https://www.pkparaiso.com/imagenes/espada_escudo/sprites/animados-gigante/alcremie-mint-cream-clover.gif,https://www.pkparaiso.com/imagenes/espada_escudo/sprites/animados-gigante/alcremie-mint-cream-clover-s.gif
869,alcremie-lemon-cream-clover-sweet,霜奶仙（lemon cream clover sweet）,True,verified_header,verified_header,https://www.pkparaiso.com/imagenes/espada_escudo/sprites/animados-gigante/alcremie-lemon-cream-clover.gif,https://www.pkparaiso.com/imagenes/espada_escudo/sprites/animados-gigante/alcremie-lemon-cream-clover-s.gif
869,alcremie-salted-cream-clover-sweet,霜奶仙（salted cream clover sweet）,True,verified_header,verified_header,https://www.pkparaiso.com/imagenes/espada_escudo/sprites/animados-gigante/alcremie-salted-cream-clover.gif,https://www.pkparaiso.com/imagenes/espada_escudo/sprites/animados-gigante/alcremie-salted-cream-clover-s.gif
869,alcremie-ruby-swirl-clover-sweet,霜奶仙（ruby swirl clover sweet）,True,verified_header,verified_header,https://www.pkparaiso.com/imagenes/espada_escudo/sprites/animados-gigante/alcremie-ruby-swirl-clover.gif,https://www.pkparaiso.com/imagenes/espada_escudo/sprites/animados-gigante/alcremie-ruby-swirl-clover-s.gif
869,alcremie-caramel-swirl-clover-sweet,霜奶仙（caramel swirl clover sweet）,True,verified_header,verified_header,https://www.pkparaiso.com/imagenes/espada_escudo/sprites/animados-gigante/alcremie-caramel-swirl-clover.gif,https://www.pkparaiso.com/imagenes/espada_escudo/sprites/animados-gigante/alcremie-caramel-swirl-clover-s.gif
869,alcremie-rainbow-swirl-clover-sweet,霜奶仙（rainbow swirl clover sweet）,True,verified_header,verified_header,https://www.pkparaiso.com/imagenes/espada_escudo/sprites/animados-gigante/alcremie-rainbow-swirl-clover.gif,https://www.pkparaiso.com/imagenes/espada_escudo/sprites/animados-gigante/alcremie-rainbow-swirl-clover-s.gif
869,alcremie-vanilla-cream-flower-sweet,霜奶仙（vanilla cream flower sweet）,True,verified_header,verified_header,https://www.pkparaiso.com/imagenes/espada_escudo/sprites/animados-gigante/alcremie-vanilla-cream-flower.gif,https://www.pkparaiso.com/imagenes/espada_escudo/sprites/animados-gigante/alcremie-vanilla-cream-flower-s.gif
869,alcremie-ruby-cream-flower-sweet,霜奶仙（ruby cream flower sweet）,True,verified_header,verified_header,https://www.pkparaiso.com/imagenes/espada_escudo/sprites/animados-gigante/alcremie-ruby-cream-flower.gif,https://www.pkparaiso.com/imagenes/espada_escudo/sprites/animados-gigante/alcremie-ruby-cream-flower-s.gif
869,alcremie-matcha-cream-flower-sweet,霜奶仙（matcha cream flower sweet）,True,verified_header,verified_header,https://www.pkparaiso.com/imagenes/espada_escudo/sprites/animados-gigante/alcremie-matcha-cream-flower.gif,https://www.pkparaiso.com/imagenes/espada_escudo/sprites/animados-gigante/alcremie-matcha-cream-flower-s.gif
869,alcremie-mint-cream-flower-sweet,霜奶仙（mint cream flower sweet）,True,verified_header,verified_header,https://www.pkparaiso.com/imagenes/espada_escudo/sprites/animados-gigante/alcremie-mint-cream-flower.gif,https://www.pkparaiso.com/imagenes/espada_escudo/sprites/animados-gigante/alcremie-mint-cream-flower-s.gif
869,alcremie-lemon-cream-flower-sweet,霜奶仙（lemon cream flower sweet）,True,verified_header,verified_header,https://www.pkparaiso.com/imagenes/espada_escudo/sprites/animados-gigante/alcremie-lemon-cream-flower.gif,https://www.pkparaiso.com/imagenes/espada_escudo/sprites/animados-gigante/alcremie-lemon-cream-flower-s.gif
869,alcremie-salted-cream-flower-sweet,霜奶仙（salted cream flower sweet）,True,verified_header,verified_header,https://www.pkparaiso.com/imagenes/espada_escudo/sprites/animados-gigante/alcremie-salted-cream-flower.gif,https://www.pkparaiso.com/imagenes/espada_escudo/sprites/animados-gigante/alcremie-salted-cream-flower-s.gif
869,alcremie-ruby-swirl-flower-sweet,霜奶仙（ruby swirl flower sweet）,True,verified_header,verified_header,https://www.pkparaiso.com/imagenes/espada_escudo/sprites/animados-gigante/alcremie-ruby-swirl-flower.gif,https://www.pkparaiso.com/imagenes/espada_escudo/sprites/animados-gigante/alcremie-ruby-swirl-flower-s.gif
869,alcremie-caramel-swirl-flower-sweet,霜奶仙（caramel swirl flower sweet）,True,verified_header,verified_header,https://www.pkparaiso.com/imagenes/espada_escudo/sprites/animados-gigante/alcremie-caramel-swirl-flower.gif,https://www.pkparaiso.com/imagenes/espada_escudo/sprites/animados-gigante/alcremie-caramel-swirl-flower-s.gif
869,alcremie-rainbow-swirl-flower-sweet,霜奶仙（rainbow swirl flower sweet）,True,verified_header,verified_header,https://www.pkparaiso.com/imagenes/espada_escudo/sprites/animados-gigante/alcremie-rainbow-swirl-flower.gif,https://www.pkparaiso.com/imagenes/espada_escudo/sprites/animados-gigante/alcremie-rainbow-swirl-flower-s.gif
869,alcremie-vanilla-cream-ribbon-sweet,霜奶仙（vanilla cream ribbon sweet）,True,verified_header,verified_header,https://www.pkparaiso.com/imagenes/espada_escudo/sprites/animados-gigante/alcremie-vanilla-cream-ribbon.gif,https://www.pkparaiso.com/imagenes/espada_escudo/sprites/animados-gigante/alcremie-vanilla-cream-ribbon-s.gif
869,alcremie-ruby-cream-ribbon-sweet,霜奶仙（ruby cream ribbon sweet）,True,verified_header,verified_header,https://www.pkparaiso.com/imagenes/espada_escudo/sprites/animados-gigante/alcremie-ruby-cream-ribbon.gif,https://www.pkparaiso.com/imagenes/espada_escudo/sprites/animados-gigante/alcremie-ruby-cream-ribbon-s.gif
869,alcremie-matcha-cream-ribbon-sweet,霜奶仙（matcha cream ribbon sweet）,True,verified_header,verified_header,https://www.pkparaiso.com/imagenes/espada_escudo/sprites/animados-gigante/alcremie-matcha-cream-ribbon.gif,https://www.pkparaiso.com/imagenes/espada_escudo/sprites/animados-gigante/alcremie-matcha-cream-ribbon-s.gif
869,alcremie-mint-cream-ribbon-sweet,霜奶仙（mint cream ribbon sweet）,True,verified_header,verified_header,https://www.pkparaiso.com/imagenes/espada_escudo/sprites/animados-gigante/alcremie-mint-cream-ribbon.gif,https://www.pkparaiso.com/imagenes/espada_escudo/sprites/animados-gigante/alcremie-mint-cream-ribbon-s.gif
869,alcremie-lemon-cream-ribbon-sweet,霜奶仙（lemon cream ribbon sweet）,True,verified_header,verified_header,https://www.pkparaiso.com/imagenes/espada_escudo/sprites/animados-gigante/alcremie-lemon-cream-ribbon.gif,https://www.pkparaiso.com/imagenes/espada_escudo/sprites/animados-gigante/alcremie-lemon-cream-ribbon-s.gif
869,alcremie-salted-cream-ribbon-sweet,霜奶仙（salted cream ribbon sweet）,True,verified_header,verified_header,https://www.pkparaiso.com/imagenes/espada_escudo/sprites/animados-gigante/alcremie-salted-cream-ribbon.gif,https://www.pkparaiso.com/imagenes/espada_escudo/sprites/animados-gigante/alcremie-salted-cream-ribbon-s.gif
869,alcremie-ruby-swirl-ribbon-sweet,霜奶仙（ruby swirl ribbon sweet）,True,verified_header,verified_header,https://www.pkparaiso.com/imagenes/espada_escudo/sprites/animados-gigante/alcremie-ruby-swirl-ribbon.gif,https://www.pkparaiso.com/imagenes/espada_escudo/sprites/animados-gigante/alcremie-ruby-swirl-ribbon-s.gif
869,alcremie-caramel-swirl-ribbon-sweet,霜奶仙（caramel swirl ribbon sweet）,True,verified_header,verified_header,https://www.pkparaiso.com/imagenes/espada_escudo/sprites/animados-gigante/alcremie-caramel-swirl-ribbon.gif,https://www.pkparaiso.com/imagenes/espada_escudo/sprites/animados-gigante/alcremie-caramel-swirl-ribbon-s.gif
869,alcremie-rainbow-swirl-ribbon-sweet,霜奶仙（rainbow swirl ribbon sweet）,True,verified_header,verified_header,https://www.pkparaiso.com/imagenes/espada_escudo/sprites/animados-gigante/alcremie-rainbow-swirl-ribbon.gif,https://www.pkparaiso.com/imagenes/espada_escudo/sprites/animados-gigante/alcremie-rainbow-swirl-ribbon-s.gif
869,alcremie-gmax,霜奶仙（超极巨化）,True,verified_header,verified_header,https://www.pkparaiso.com/imagenes/espada_escudo/sprites/animados-gigante/alcremie-gigantamax-nosparks.gif | https://www.pkparaiso.com/imagenes/espada_escudo/sprites/animados-gigante/alcremie-gigantamax.gif,https://www.pkparaiso.com/imagenes/espada_escudo/sprites/animados-gigante/alcremie-gigantamax-nosparks-s.gif | https://www.pkparaiso.com/imagenes/espada_escudo/sprites/animados-gigante/alcremie-gigantamax-s.gif
870,falinks-mega,列阵兵（超级进化）,True,no_mapped_index_entry,no_mapped_index_entry,,
875,eiscue-noice,冰砌鹅（解冻头）,True,verified_header,verified_header,https://www.pkparaiso.com/imagenes/espada_escudo/sprites/animados-gigante/eiscue-noice.gif,https://www.pkparaiso.com/imagenes/espada_escudo/sprites/animados-gigante/eiscue-noice-s.gif
876,indeedee-female,爱管侍（雌性的样子）,True,verified_header,verified_header,https://www.pkparaiso.com/imagenes/espada_escudo/sprites/animados-gigante/indeedee-female.gif,https://www.pkparaiso.com/imagenes/espada_escudo/sprites/animados-gigante/indeedee-female-s.gif
877,morpeko-hangry,莫鲁贝可（空腹花纹）,True,verified_header,verified_header,https://www.pkparaiso.com/imagenes/espada_escudo/sprites/animados-gigante/morpeko-hangry.gif,https://www.pkparaiso.com/imagenes/espada_escudo/sprites/animados-gigante/morpeko-hangry-s.gif
879,copperajah-gmax,大王铜象（超极巨化）,True,verified_header,verified_header,https://www.pkparaiso.com/imagenes/espada_escudo/sprites/animados-gigante/copperajah-gigantamax-nosparks.gif | https://www.pkparaiso.com/imagenes/espada_escudo/sprites/animados-gigante/copperajah-gigantamax.gif,https://www.pkparaiso.com/imagenes/espada_escudo/sprites/animados-gigante/copperajah-gigantamax-nosparks-s.gif | https://www.pkparaiso.com/imagenes/espada_escudo/sprites/animados-gigante/copperajah-gigantamax-s.gif
884,duraludon-gmax,铝钢龙（超极巨化）,True,verified_header,verified_header,https://www.pkparaiso.com/imagenes/espada_escudo/sprites/animados-gigante/duraludon-gigantamax-nosparks.gif | https://www.pkparaiso.com/imagenes/espada_escudo/sprites/animados-gigante/duraludon-gigantamax.gif,https://www.pkparaiso.com/imagenes/espada_escudo/sprites/animados-gigante/duraludon-gigantamax-nosparks-s.gif | https://www.pkparaiso.com/imagenes/espada_escudo/sprites/animados-gigante/duraludon-gigantamax-s.gif
888,zacian-crowned,苍响（剑之王）,True,verified_header,verified_header,https://www.pkparaiso.com/imagenes/espada_escudo/sprites/animados-gigante/zacian-crowned.gif,https://www.pkparaiso.com/imagenes/espada_escudo/sprites/animados-gigante/zacian-crowned-s.gif
889,zamazenta-crowned,藏玛然特（盾之王）,True,verified_header,verified_header,https://www.pkparaiso.com/imagenes/espada_escudo/sprites/animados-gigante/zamazenta-crowned.gif,https://www.pkparaiso.com/imagenes/espada_escudo/sprites/animados-gigante/zamazenta-crowned-s.gif
890,eternatus-eternamax,无极汰那（无极巨化）,True,verified_header,verified_header,https://www.pkparaiso.com/imagenes/espada_escudo/sprites/animados-gigante/eternatus-eternamax.gif,https://www.pkparaiso.com/imagenes/espada_escudo/sprites/animados-gigante/eternatus-eternamax-s.gif
892,urshifu-rapid-strike,武道熊师（连击流）,True,verified_header,verified_header,https://www.pkparaiso.com/imagenes/espada_escudo/sprites/animados-gigante/urshifu-1.gif,https://www.pkparaiso.com/imagenes/espada_escudo/sprites/animados-gigante/urshifu-1-s.gif
892,urshifu-single-strike-gmax,武道熊师（single strike gmax）,True,verified_header,verified_header,https://www.pkparaiso.com/imagenes/espada_escudo/sprites/animados-gigante/ushifu-gigantamax.gif,https://www.pkparaiso.com/imagenes/espada_escudo/sprites/animados-gigante/ushifu-gigantamax-s.gif
892,urshifu-rapid-strike-gmax,武道熊师（rapid strike gmax）,True,verified_header,verified_header,https://www.pkparaiso.com/imagenes/espada_escudo/sprites/animados-gigante/urshifu-1-gigantamax.gif,https://www.pkparaiso.com/imagenes/espada_escudo/sprites/animados-gigante/urshifu-1-gigantamax-s.gif
893,zarude-dada,萨戮德（阿爸）,True,verified_header,verified_header,https://www.pkparaiso.com/imagenes/espada_escudo/sprites/animados-gigante/zarude-1.gif,https://www.pkparaiso.com/imagenes/espada_escudo/sprites/animados-gigante/zarude-1-s.gif
898,calyrex-ice,蕾冠王（骑白马的样子）,True,verified_header,verified_header,https://www.pkparaiso.com/imagenes/espada_escudo/sprites/animados-gigante/calyrex-1.gif,https://www.pkparaiso.com/imagenes/espada_escudo/sprites/animados-gigante/calyrex-1-s.gif
898,calyrex-shadow,蕾冠王（骑黑马的样子）,True,verified_header,verified_header,https://www.pkparaiso.com/imagenes/espada_escudo/sprites/animados-gigante/calyrex-2.gif,https://www.pkparaiso.com/imagenes/espada_escudo/sprites/animados-gigante/calyrex-2-s.gif
901,ursaluna-bloodmoon,月月熊（赫月）,True,no_mapped_index_entry,no_mapped_index_entry,,
902,basculegion-female,幽尾玄鱼（female）,True,no_mapped_index_entry,no_mapped_index_entry,,
905,enamorus-therian,眷恋云（灵兽形态）,True,no_mapped_index_entry,no_mapped_index_entry,,
916,oinkologne-female,飘香豚（female）,True,no_mapped_index_entry,no_mapped_index_entry,,
925,maushold-family-of-three,一家鼠（family of three）,True,no_mapped_index_entry,no_mapped_index_entry,,
931,squawkabilly-blue-plumage,怒鹦哥（blue plumage）,True,no_mapped_index_entry,no_mapped_index_entry,,
931,squawkabilly-yellow-plumage,怒鹦哥（yellow plumage）,True,no_mapped_index_entry,no_mapped_index_entry,,
931,squawkabilly-white-plumage,怒鹦哥（white plumage）,True,no_mapped_index_entry,no_mapped_index_entry,,
952,scovillain-mega,狠辣椒（超级进化）,True,no_mapped_index_entry,no_mapped_index_entry,,
964,palafin-hero,海豚侠（全能形态）,True,no_mapped_index_entry,no_mapped_index_entry,,
970,glimmora-mega,晶光花（超级进化）,True,no_mapped_index_entry,no_mapped_index_entry,,
978,tatsugiri-droopy,米立龙（droopy）,True,no_mapped_index_entry,no_mapped_index_entry,,
978,tatsugiri-stretchy,米立龙（stretchy）,True,no_mapped_index_entry,no_mapped_index_entry,,
978,tatsugiri-curly-mega,米立龙（curly mega）,True,no_mapped_index_entry,no_mapped_index_entry,,
978,tatsugiri-droopy-mega,米立龙（droopy mega）,True,no_mapped_index_entry,no_mapped_index_entry,,
978,tatsugiri-stretchy-mega,米立龙（stretchy mega）,True,no_mapped_index_entry,no_mapped_index_entry,,
982,dudunsparce-three-segment,土龙节节（three segment）,True,no_mapped_index_entry,no_mapped_index_entry,,
998,baxcalibur-mega,戟脊龙（超级进化）,True,no_mapped_index_entry,no_mapped_index_entry,,
999,gimmighoul-roaming,索财灵（roaming）,True,no_mapped_index_entry,no_mapped_index_entry,,
1007,koraidon-limited-build,故勒顿（limited build）,True,no_mapped_index_entry,no_mapped_index_entry,,
1007,koraidon-sprinting-build,故勒顿（sprinting build）,True,no_mapped_index_entry,no_mapped_index_entry,,
1007,koraidon-swimming-build,故勒顿（swimming build）,True,no_mapped_index_entry,no_mapped_index_entry,,
1007,koraidon-gliding-build,故勒顿（gliding build）,True,no_mapped_index_entry,no_mapped_index_entry,,
1008,miraidon-low-power-mode,密勒顿（low power mode）,True,no_mapped_index_entry,no_mapped_index_entry,,
1008,miraidon-drive-mode,密勒顿（drive mode）,True,no_mapped_index_entry,no_mapped_index_entry,,
1008,miraidon-aquatic-mode,密勒顿（aquatic mode）,True,no_mapped_index_entry,no_mapped_index_entry,,
1008,miraidon-glide-mode,密勒顿（glide mode）,True,no_mapped_index_entry,no_mapped_index_entry,,
1012,poltchageist-artisan,斯魔茶（高档货的样子）,True,no_mapped_index_entry,no_mapped_index_entry,,
1013,sinistcha-masterpiece,来悲粗茶（杰作的样子）,True,no_mapped_index_entry,no_mapped_index_entry,,
1017,ogerpon-wellspring-mask,厄诡椪（水井面具）,True,no_mapped_index_entry,no_mapped_index_entry,,
1017,ogerpon-hearthflame-mask,厄诡椪（火灶面具）,True,no_mapped_index_entry,no_mapped_index_entry,,
1017,ogerpon-cornerstone-mask,厄诡椪（礎石面具）,True,no_mapped_index_entry,no_mapped_index_entry,,
1024,terapagos-terastal,太乐巴戈斯（太晶形态）,True,no_mapped_index_entry,no_mapped_index_entry,,
1024,terapagos-stellar,太乐巴戈斯（星晶形态）,True,no_mapped_index_entry,no_mapped_index_entry,,
